{"type":"FeatureCollection","features":[{"type":"Feature","id":"road-123","properties":{"id":"road-123","highway":"cycleway","surface":"asphalt","segregated":"yes","foot":"designated","osm_id":"28209287"},"geometry":{"type":"LineString","coordinates":[[12.918109,43.904941],[12.917648,43.904916]]}},{"type":"Feature","id":"road-165","properties":{"id":"road-165","highway":"tertiary","name":"Via Decio Raggi","cycleway:right":"lane","surface":"asphalt","oneway":"yes","osm_id":"29281397"},"geometry":{"type":"LineString","coordinates":[[12.918827,43.906437],[12.918714,43.906486]]}},{"type":"Feature","id":"road-272","properties":{"id":"road-272","highway":"cycleway","surface":"asphalt","segregated":"no","lit":"yes","width":"3","foot":"designated","osm_id":"40777965"},"geometry":{"type":"LineString","coordinates":[[12.923771,43.90681],[12.923889,43.90683],[12.92518,43.90677],[12.926343,43.906628],[12.92694,43.906485],[12.927498,43.906326],[12.928374,43.906035],[12.928946,43.905789],[12.929541,43.905484],[12.929789,43.905339],[12.930471,43.904885],[12.931803,43.903908]]}},{"type":"Feature","id":"road-283","properties":{"id":"road-283","highway":"path","name":"Sentiero San Nicola","bicycle":"yes","surface":"ground","width":"1","osm_id":"41059171"},"geometry":{"type":"LineString","coordinates":[[12.930283,43.879549],[12.930085,43.879815],[12.929776,43.880182],[12.929577,43.880381],[12.929156,43.88054],[12.928333,43.880642],[12.927801,43.880542],[12.927107,43.880929],[12.926867,43.881189],[12.926335,43.882024],[12.925923,43.882414],[12.925305,43.883416],[12.92485,43.883787],[12.924107,43.885822],[12.924242,43.886223],[12.924202,43.886476],[12.923863,43.886849],[12.923502,43.887189],[12.92334,43.887387],[12.923273,43.887853],[12.923338,43.888119]]}},{"type":"Feature","id":"road-443","properties":{"id":"road-443","highway":"cycleway","surface":"asphalt","oneway":"yes","segregated":"yes","lit":"yes","foot":"designated","osm_id":"60185684"},"geometry":{"type":"LineString","coordinates":[[12.903894,43.902488],[12.903958,43.902509],[12.90424,43.903064],[12.904296,43.903065]]}},{"type":"Feature","id":"road-666","properties":{"id":"road-666","highway":"cycleway","bicycle":"designated","surface":"concrete","smoothness":"excellent","segregated":"no","lit":"yes","width":"2","foot":"designated","osm_id":"62402360"},"geometry":{"type":"LineString","coordinates":[[12.932057,43.904126],[12.932489,43.903782],[12.932641,43.903591],[12.933249,43.903149],[12.934056,43.902507],[12.934219,43.902459],[12.934541,43.90223],[12.934613,43.902125],[12.934894,43.901921],[12.935047,43.901849],[12.935339,43.901658],[12.935459,43.901623],[12.93597,43.901259],[12.936074,43.901139],[12.938961,43.899229],[12.939227,43.899088],[12.939304,43.899032],[12.942564,43.896416],[12.945708,43.893858],[12.945998,43.893655],[12.94619,43.893446],[12.948049,43.891906],[12.948257,43.891684],[12.948404,43.891592],[12.948748,43.891292],[12.948792,43.891235],[12.949767,43.890485],[12.951627,43.888943],[12.951881,43.888804],[12.952861,43.88799],[12.954145,43.886999],[12.954365,43.886918],[12.954554,43.886773],[12.954661,43.88658],[12.955217,43.886153],[12.955441,43.886007],[12.955485,43.885999],[12.955844,43.886176],[12.955887,43.886183],[12.955926,43.88617],[12.956924,43.885488],[12.961561,43.882056],[12.961814,43.881999],[12.962007,43.881865],[12.962232,43.881565],[12.96224,43.881478],[12.962193,43.881421]]}},{"type":"Feature","id":"road-723","properties":{"id":"road-723","highway":"path","bicycle":"yes","surface":"asphalt","lit":"yes","foot":"designated","osm_id":"63127888"},"geometry":{"type":"LineString","coordinates":[[12.914666,43.904287],[12.914734,43.904315],[12.914819,43.904303],[12.914932,43.904357]]}},{"type":"Feature","id":"road-725","properties":{"id":"road-725","highway":"service","bicycle":"designated","surface":"asphalt","foot":"designated","osm_id":"63127910"},"geometry":{"type":"LineString","coordinates":[[12.915307,43.904072],[12.915076,43.904231]]}},{"type":"Feature","id":"road-747","properties":{"id":"road-747","highway":"path","bicycle":"designated","surface":"paving_stones","segregated":"yes","lit":"yes","foot":"designated","osm_id":"63844719"},"geometry":{"type":"LineString","coordinates":[[12.914596,43.904661],[12.914547,43.904674],[12.914092,43.904603],[12.91405,43.904608],[12.91401,43.904669]]}},{"type":"Feature","id":"road-749","properties":{"id":"road-749","highway":"path","bicycle":"designated","surface":"paving_stones","segregated":"yes","lit":"yes","foot":"designated","osm_id":"63844722"},"geometry":{"type":"LineString","coordinates":[[12.914761,43.90451],[12.914596,43.904661]]}},{"type":"Feature","id":"road-761","properties":{"id":"road-761","highway":"cycleway","bicycle":"designated","segregated":"yes","lit":"yes","foot":"designated","osm_id":"64961070"},"geometry":{"type":"LineString","coordinates":[[12.927825,43.906712],[12.927734,43.906625],[12.927935,43.906499],[12.928009,43.90644],[12.928055,43.906372]]}},{"type":"Feature","id":"road-763","properties":{"id":"road-763","highway":"tertiary","name":"Viale Don Giovanni Minzoni","cycleway:right":"lane","surface":"asphalt","oneway":"yes","osm_id":"65272896"},"geometry":{"type":"LineString","coordinates":[[12.915189,43.911646],[12.915655,43.911118],[12.916013,43.910677],[12.916031,43.910629],[12.916014,43.91055],[12.915729,43.910063],[12.915729,43.909834],[12.915784,43.909603]]}},{"type":"Feature","id":"road-764","properties":{"id":"road-764","highway":"cycleway","name":"Pista ciclopedonale Umberto Cardinali","bicycle":"designated","surface":"paved","segregated":"no","foot":"designated","osm_id":"65995245"},"geometry":{"type":"LineString","coordinates":[[12.902019,43.910709],[12.902192,43.910693],[12.902193,43.910652],[12.902109,43.910525],[12.901932,43.910411],[12.901765,43.910353],[12.901574,43.910317],[12.90099,43.910257],[12.899788,43.910209],[12.89944,43.910156],[12.899272,43.910114],[12.899075,43.910037],[12.898267,43.909638],[12.89816,43.909571],[12.898059,43.90948],[12.897374,43.908664],[12.897309,43.908581],[12.897275,43.90849]]}},{"type":"Feature","id":"road-765","properties":{"id":"road-765","highway":"path","bicycle":"designated","segregated":"yes","foot":"designated","osm_id":"65998878"},"geometry":{"type":"LineString","coordinates":[[12.928055,43.906372],[12.928037,43.906344]]}},{"type":"Feature","id":"road-798","properties":{"id":"road-798","highway":"path","bicycle":"designated","surface":"paved","segregated":"no","foot":"designated","osm_id":"73345012"},"geometry":{"type":"LineString","coordinates":[[12.898293,43.909954],[12.898338,43.90992],[12.898358,43.909875],[12.898351,43.909806],[12.898286,43.909719],[12.898267,43.909638]]}},{"type":"Feature","id":"road-801","properties":{"id":"road-801","highway":"cycleway","name":"Pista ciclopedonale Umberto Cardinali","bicycle":"designated","surface":"paved","oneway":"no","segregated":"no","foot":"designated","osm_id":"73345017"},"geometry":{"type":"LineString","coordinates":[[12.897275,43.90849],[12.897156,43.90809],[12.896979,43.907624],[12.896797,43.907465],[12.896675,43.907391],[12.896255,43.907207]]}},{"type":"Feature","id":"road-842","properties":{"id":"road-842","highway":"path","bicycle":"yes","osm_id":"83127976"},"geometry":{"type":"LineString","coordinates":[[12.871834,43.900562],[12.871683,43.900647],[12.871677,43.900812],[12.871751,43.901093],[12.872001,43.901646],[12.872212,43.901985],[12.872505,43.902366]]}},{"type":"Feature","id":"road-845","properties":{"id":"road-845","highway":"cycleway","surface":"paved","segregated":"yes","lit":"yes","foot":"designated","osm_id":"83187315"},"geometry":{"type":"LineString","coordinates":[[12.905015,43.916118],[12.904959,43.916139],[12.90483,43.916145],[12.904736,43.916127],[12.904577,43.916066]]}},{"type":"Feature","id":"road-846","properties":{"id":"road-846","highway":"cycleway","bicycle":"designated","surface":"paved","segregated":"yes","lit":"yes","foot":"designated","osm_id":"83187316"},"geometry":{"type":"LineString","coordinates":[[12.903649,43.91328],[12.903336,43.91212],[12.903324,43.911935]]}},{"type":"Feature","id":"road-850","properties":{"id":"road-850","highway":"cycleway","surface":"paved","segregated":"yes","foot":"designated","osm_id":"83220290"},"geometry":{"type":"LineString","coordinates":[[12.902963,43.916262],[12.902941,43.916279],[12.902957,43.916393],[12.902927,43.917022],[12.902762,43.918584],[12.902552,43.91993],[12.902407,43.920526],[12.902309,43.920852],[12.90175,43.922359],[12.901679,43.92244],[12.901592,43.922491],[12.901484,43.922521],[12.901239,43.922517]]}},{"type":"Feature","id":"road-851","properties":{"id":"road-851","highway":"cycleway","surface":"asphalt","oneway":"no","lit":"yes","osm_id":"83220293"},"geometry":{"type":"LineString","coordinates":[[12.902959,43.91617],[12.902999,43.916169]]}},{"type":"Feature","id":"road-863","properties":{"id":"road-863","highway":"track","bicycle":"yes","osm_id":"85427478"},"geometry":{"type":"LineString","coordinates":[[12.854799,43.888271],[12.854708,43.888307],[12.854594,43.888538],[12.854441,43.888722],[12.85438,43.888837],[12.854263,43.889304],[12.854676,43.889485]]}},{"type":"Feature","id":"road-865","properties":{"id":"road-865","highway":"cycleway","surface":"paved","segregated":"no","lit":"yes","foot":"designated","osm_id":"87062295"},"geometry":{"type":"LineString","coordinates":[[12.892363,43.902535],[12.89244,43.902504],[12.892545,43.902524]]}},{"type":"Feature","id":"road-908","properties":{"id":"road-908","highway":"cycleway","surface":"asphalt","smoothness":"excellent","lit":"yes","osm_id":"110135605"},"geometry":{"type":"LineString","coordinates":[[12.96311,43.880174],[12.96347,43.879959],[12.963587,43.879826],[12.963608,43.87978],[12.963733,43.879721],[12.964083,43.879495],[12.964139,43.879435],[12.964231,43.8794],[12.964454,43.879251],[12.964489,43.879188],[12.964868,43.878931],[12.965049,43.878822],[12.965271,43.87872],[12.966356,43.878027],[12.974865,43.872412],[12.978167,43.870268],[12.986151,43.864998],[12.98677,43.864614],[12.987897,43.863958],[12.993063,43.860996],[12.995788,43.859409]]}},{"type":"Feature","id":"road-919","properties":{"id":"road-919","highway":"tertiary","name":"Via Padre Massimiliano Kolbe","cycleway:left":"lane","maxspeed":"30","osm_id":"117259559"},"geometry":{"type":"LineString","coordinates":[[12.920242,43.905828],[12.920727,43.906195],[12.920899,43.906269]]}},{"type":"Feature","id":"road-927","properties":{"id":"road-927","highway":"track","bicycle":"yes","surface":"unpaved","tracktype":"grade4","osm_id":"126903796"},"geometry":{"type":"LineString","coordinates":[[12.86954,43.930409],[12.869153,43.930716],[12.868992,43.930868],[12.868307,43.931356],[12.868202,43.931398],[12.868112,43.931415]]}},{"type":"Feature","id":"road-929","properties":{"id":"road-929","highway":"cycleway","name":"Pista ciclopedonale Umberto Cardinali","bicycle":"designated","surface":"paved","segregated":"no","lit":"no","foot":"designated","osm_id":"127070442"},"geometry":{"type":"LineString","coordinates":[[12.890848,43.903673],[12.888586,43.901782],[12.888339,43.901601],[12.888144,43.901522],[12.887947,43.901476],[12.886173,43.901236],[12.885956,43.901228],[12.885581,43.901258],[12.885341,43.901299],[12.885132,43.901372],[12.884697,43.901617],[12.884518,43.901749],[12.88397,43.902349],[12.883748,43.902682],[12.883604,43.903001],[12.883494,43.90333],[12.882947,43.905162],[12.882847,43.905371],[12.882649,43.905687],[12.882413,43.905992],[12.882198,43.906209],[12.879806,43.908329],[12.879667,43.908429],[12.87952,43.908502],[12.878978,43.908696],[12.878706,43.908752],[12.878355,43.908789],[12.877822,43.908804],[12.877447,43.908782],[12.877282,43.908756],[12.877141,43.908712],[12.876844,43.908546]]}},{"type":"Feature","id":"road-1022","properties":{"id":"road-1022","highway":"path","bicycle":"designated","surface":"asphalt","segregated":"no","lit":"yes","foot":"designated","osm_id":"144943824"},"geometry":{"type":"LineString","coordinates":[[12.931803,43.903908],[12.931334,43.903586],[12.931225,43.903562]]}},{"type":"Feature","id":"road-1023","properties":{"id":"road-1023","highway":"cycleway","surface":"asphalt","oneway":"no","lit":"yes","osm_id":"145634300"},"geometry":{"type":"LineString","coordinates":[[12.903818,43.91615],[12.904104,43.916142],[12.90418,43.916126],[12.904224,43.916098],[12.904247,43.916027]]}},{"type":"Feature","id":"road-1027","properties":{"id":"road-1027","highway":"cycleway","bicycle":"designated","surface":"asphalt","segregated":"no","foot":"designated","osm_id":"147682222"},"geometry":{"type":"LineString","coordinates":[[12.871567,43.903322],[12.871323,43.902903],[12.870725,43.90176],[12.870213,43.900405],[12.869644,43.899004],[12.869502,43.898774],[12.869348,43.89859]]}},{"type":"Feature","id":"road-1030","properties":{"id":"road-1030","highway":"residential","name":"Via Ponte Vecchio","bicycle":"yes","surface":"asphalt","oneway":"yes","lit":"yes","osm_id":"147767222"},"geometry":{"type":"LineString","coordinates":[[12.901498,43.911105],[12.901484,43.911309]]}},{"type":"Feature","id":"road-1039","properties":{"id":"road-1039","highway":"track","bicycle":"yes","osm_id":"150403849"},"geometry":{"type":"LineString","coordinates":[[12.854571,43.890256],[12.854841,43.890459],[12.855012,43.890629]]}},{"type":"Feature","id":"road-1040","properties":{"id":"road-1040","highway":"track","bicycle":"yes","osm_id":"150403850"},"geometry":{"type":"LineString","coordinates":[[12.854543,43.89002],[12.854502,43.890081],[12.854571,43.890256],[12.854512,43.890449],[12.854505,43.890663],[12.854546,43.890973],[12.854541,43.891113],[12.85458,43.891326],[12.854583,43.891579],[12.854532,43.891868],[12.854383,43.892493],[12.854293,43.892676],[12.853776,43.89351],[12.85376,43.893654],[12.853777,43.894056],[12.853874,43.894462],[12.854084,43.89482],[12.854214,43.894919],[12.854265,43.894993],[12.854335,43.895146],[12.854439,43.895221],[12.85451,43.895248],[12.854841,43.895261],[12.855041,43.895224],[12.855215,43.895161],[12.855286,43.895091],[12.855352,43.894959],[12.855434,43.89487],[12.855566,43.894799],[12.855601,43.894755],[12.855629,43.894661],[12.855753,43.894493],[12.8559,43.894373],[12.856126,43.894076],[12.856189,43.893924],[12.856268,43.893585],[12.856241,43.893352],[12.856172,43.893283],[12.856163,43.893217],[12.856141,43.89319],[12.856022,43.893135],[12.856004,43.892962],[12.856032,43.892823],[12.85615,43.892578],[12.856254,43.892449],[12.856308,43.892265],[12.856559,43.891852],[12.857001,43.891327],[12.857058,43.891229],[12.857176,43.890907],[12.857134,43.890775],[12.856793,43.890443],[12.856669,43.890372],[12.856536,43.890323],[12.855324,43.890143],[12.854612,43.890007],[12.854543,43.89002]]}},{"type":"Feature","id":"road-1065","properties":{"id":"road-1065","highway":"residential","name":"Viale Guglielmo Marconi","cycleway:both":"lane","surface":"asphalt","smoothness":"good","oneway":"no","lit":"yes","osm_id":"156570093"},"geometry":{"type":"LineString","coordinates":[[12.912819,43.914476],[12.912618,43.914308]]}},{"type":"Feature","id":"road-1084","properties":{"id":"road-1084","highway":"tertiary","name":"Via Decio Raggi","cycleway:right":"lane","surface":"asphalt","oneway":"yes","osm_id":"156729148"},"geometry":{"type":"LineString","coordinates":[[12.918714,43.906486],[12.917013,43.907246]]}},{"type":"Feature","id":"road-1089","properties":{"id":"road-1089","highway":"cycleway","surface":"asphalt","lit":"yes","osm_id":"156729153"},"geometry":{"type":"LineString","coordinates":[[12.923914,43.909491],[12.924044,43.909398]]}},{"type":"Feature","id":"road-1090","properties":{"id":"road-1090","highway":"cycleway","surface":"asphalt","lit":"yes","osm_id":"156729155"},"geometry":{"type":"LineString","coordinates":[[12.924044,43.909398],[12.927543,43.906896],[12.927825,43.906712]]}},{"type":"Feature","id":"road-1191","properties":{"id":"road-1191","highway":"cycleway","surface":"asphalt","segregated":"yes","lit":"yes","foot":"designated","osm_id":"158217469"},"geometry":{"type":"LineString","coordinates":[[12.893175,43.895829],[12.893647,43.89593],[12.893693,43.895978],[12.893683,43.896004]]}},{"type":"Feature","id":"road-1197","properties":{"id":"road-1197","highway":"cycleway","bicycle":"designated","surface":"paving_stones","segregated":"no","lit":"yes","foot":"designated","osm_id":"158217482"},"geometry":{"type":"LineString","coordinates":[[12.89327,43.895307],[12.893393,43.895222]]}},{"type":"Feature","id":"road-1208","properties":{"id":"road-1208","highway":"path","bicycle":"designated","surface":"paved","segregated":"no","foot":"designated","osm_id":"161367730"},"geometry":{"type":"LineString","coordinates":[[12.900958,43.905172],[12.899983,43.904444]]}},{"type":"Feature","id":"road-1225","properties":{"id":"road-1225","highway":"tertiary","name":"Via del Carso","cycleway:right":"lane","surface":"asphalt","smoothness":"excellent","oneway":"yes","lit":"yes","osm_id":"164589258"},"geometry":{"type":"LineString","coordinates":[[12.896228,43.907672],[12.896228,43.907991]]}},{"type":"Feature","id":"road-1226","properties":{"id":"road-1226","highway":"tertiary","name":"Via del Carso","cycleway:right":"lane","surface":"asphalt","oneway":"yes","lit":"yes","osm_id":"164589259"},"geometry":{"type":"LineString","coordinates":[[12.896228,43.907991],[12.896239,43.908075],[12.89628,43.90816],[12.896557,43.908629],[12.896752,43.909002],[12.896908,43.909479],[12.896968,43.909916]]}},{"type":"Feature","id":"road-1229","properties":{"id":"road-1229","highway":"path","bicycle":"designated","segregated":"yes","lit":"yes","foot":"designated","osm_id":"168744717"},"geometry":{"type":"LineString","coordinates":[[12.928307,43.906383],[12.92836,43.906345]]}},{"type":"Feature","id":"road-1286","properties":{"id":"road-1286","highway":"cycleway","surface":"asphalt","segregated":"no","lit":"yes","foot":"designated","osm_id":"175518555"},"geometry":{"type":"LineString","coordinates":[[12.871012,43.9091],[12.871437,43.90837],[12.871461,43.908287],[12.871642,43.907977],[12.871763,43.90788],[12.872064,43.907363]]}},{"type":"Feature","id":"road-1297","properties":{"id":"road-1297","highway":"cycleway","cycleway":"crossing","surface":"asphalt","segregated":"no","lit":"yes","foot":"designated","osm_id":"175581595"},"geometry":{"type":"LineString","coordinates":[[12.902963,43.916262],[12.902961,43.916217]]}},{"type":"Feature","id":"road-1298","properties":{"id":"road-1298","highway":"cycleway","cycleway":"crossing","surface":"asphalt","segregated":"no","lit":"yes","foot":"designated","osm_id":"175581597"},"geometry":{"type":"LineString","coordinates":[[12.902961,43.916217],[12.902959,43.91617]]}},{"type":"Feature","id":"road-1299","properties":{"id":"road-1299","highway":"cycleway","cycleway":"crossing","surface":"asphalt","segregated":"no","lit":"yes","foot":"designated","osm_id":"175581599"},"geometry":{"type":"LineString","coordinates":[[12.904247,43.916027],[12.904411,43.915969]]}},{"type":"Feature","id":"road-1301","properties":{"id":"road-1301","highway":"cycleway","surface":"asphalt","lit":"yes","osm_id":"175581603"},"geometry":{"type":"LineString","coordinates":[[12.904411,43.915969],[12.904338,43.915852],[12.903876,43.914101],[12.903913,43.914014]]}},{"type":"Feature","id":"road-1310","properties":{"id":"road-1310","highway":"cycleway","surface":"asphalt","lit":"yes","width":"2","osm_id":"175813719"},"geometry":{"type":"LineString","coordinates":[[12.918015,43.913718],[12.920657,43.911821],[12.920707,43.911606],[12.920795,43.911554],[12.921075,43.911522],[12.923914,43.909491]]}},{"type":"Feature","id":"road-1322","properties":{"id":"road-1322","highway":"cycleway","surface":"paved","segregated":"yes","lit":"yes","foot":"designated","osm_id":"175903839"},"geometry":{"type":"LineString","coordinates":[[12.927825,43.906712],[12.928106,43.906586],[12.928259,43.906593],[12.928334,43.906582],[12.92839,43.906555],[12.928444,43.906469],[12.928435,43.906416],[12.92836,43.906345]]}},{"type":"Feature","id":"road-1383","properties":{"id":"road-1383","highway":"cycleway","osm_id":"177655933"},"geometry":{"type":"LineString","coordinates":[[12.92621,43.891851],[12.926368,43.891828],[12.926891,43.891941],[12.926957,43.89183]]}},{"type":"Feature","id":"road-1394","properties":{"id":"road-1394","highway":"cycleway","surface":"asphalt","oneway":"no","lit":"yes","osm_id":"177759065"},"geometry":{"type":"LineString","coordinates":[[12.911742,43.897934],[12.911542,43.897648],[12.911333,43.897292],[12.911267,43.89714],[12.910931,43.896605],[12.910752,43.896384],[12.910593,43.896087],[12.910598,43.896036]]}},{"type":"Feature","id":"road-1395","properties":{"id":"road-1395","highway":"cycleway","surface":"asphalt","lit":"yes","osm_id":"177759066"},"geometry":{"type":"LineString","coordinates":[[12.910931,43.896605],[12.911023,43.896575]]}},{"type":"Feature","id":"road-1396","properties":{"id":"road-1396","highway":"cycleway","surface":"asphalt","lit":"yes","osm_id":"177759067"},"geometry":{"type":"LineString","coordinates":[[12.911267,43.89714],[12.911373,43.897157],[12.91141,43.897178],[12.911385,43.897255],[12.911333,43.897292]]}},{"type":"Feature","id":"road-1423","properties":{"id":"road-1423","highway":"residential","name":"Via Vincenzo Rossi","cycleway:right":"lane","surface":"asphalt","oneway":"yes","lit":"yes","osm_id":"179891571"},"geometry":{"type":"LineString","coordinates":[[12.909122,43.904983],[12.907667,43.899883]]}},{"type":"Feature","id":"road-1437","properties":{"id":"road-1437","highway":"residential","name":"Piazzale Giacomo Matteotti","bicycle":"designated","surface":"sett","oneway":"yes","lit":"yes","foot":"designated","osm_id":"180052425"},"geometry":{"type":"LineString","coordinates":[[12.914784,43.908831],[12.914876,43.90886],[12.914974,43.908839],[12.915004,43.908818]]}},{"type":"Feature","id":"road-1438","properties":{"id":"road-1438","highway":"path","bicycle":"designated","segregated":"yes","lit":"yes","foot":"designated","osm_id":"180052426"},"geometry":{"type":"LineString","coordinates":[[12.91554,43.908629],[12.915432,43.908726],[12.915218,43.908806]]}},{"type":"Feature","id":"road-1468","properties":{"id":"road-1468","highway":"cycleway","surface":"asphalt","segregated":"yes","lit":"yes","foot":"designated","osm_id":"195819536"},"geometry":{"type":"LineString","coordinates":[[12.912843,43.903837],[12.912872,43.903799],[12.912935,43.903776],[12.913034,43.903765],[12.913093,43.903732],[12.913362,43.90331],[12.913427,43.903178],[12.913631,43.902485],[12.91365,43.902368]]}},{"type":"Feature","id":"road-1480","properties":{"id":"road-1480","highway":"cycleway","surface":"paved","segregated":"yes","lit":"yes","foot":"designated","osm_id":"196176613"},"geometry":{"type":"LineString","coordinates":[[12.903378,43.903001],[12.903203,43.902929],[12.903073,43.902759],[12.902004,43.901975],[12.901427,43.901523],[12.901241,43.901398],[12.901002,43.901265],[12.900895,43.90123],[12.900764,43.901238],[12.900645,43.901219],[12.900462,43.901169],[12.900237,43.901188],[12.900078,43.901251]]}},{"type":"Feature","id":"road-1595","properties":{"id":"road-1595","highway":"cycleway","surface":"asphalt","segregated":"no","foot":"designated","osm_id":"204036093"},"geometry":{"type":"LineString","coordinates":[[12.888131,43.891156],[12.888404,43.891141],[12.888539,43.89115],[12.888774,43.891216],[12.888924,43.891231]]}},{"type":"Feature","id":"road-1596","properties":{"id":"road-1596","highway":"path","bicycle":"designated","surface":"asphalt","segregated":"no","lit":"yes","foot":"designated","osm_id":"204036094"},"geometry":{"type":"LineString","coordinates":[[12.887825,43.891918],[12.887873,43.891883],[12.887886,43.8918]]}},{"type":"Feature","id":"road-1597","properties":{"id":"road-1597","highway":"cycleway","bicycle":"designated","surface":"asphalt","smoothness":"good","oneway":"no","segregated":"no","lit":"no","width":"3","foot":"designated","osm_id":"204036098"},"geometry":{"type":"LineString","coordinates":[[12.892402,43.891023],[12.892365,43.89105],[12.892311,43.891014],[12.892269,43.89101],[12.892128,43.89106],[12.890041,43.891868],[12.88996,43.891885],[12.889885,43.891877],[12.889816,43.891847],[12.889508,43.891543],[12.889437,43.891515],[12.88933,43.891525],[12.889106,43.89147]]}},{"type":"Feature","id":"road-1598","properties":{"id":"road-1598","highway":"cycleway","surface":"asphalt","segregated":"no","foot":"designated","osm_id":"204036099"},"geometry":{"type":"LineString","coordinates":[[12.889106,43.89147],[12.88901,43.891543],[12.888951,43.891701],[12.888958,43.891802]]}},{"type":"Feature","id":"road-1599","properties":{"id":"road-1599","highway":"cycleway","surface":"asphalt","segregated":"no","foot":"designated","osm_id":"204036100"},"geometry":{"type":"LineString","coordinates":[[12.889078,43.892032],[12.888936,43.892011],[12.888776,43.89196]]}},{"type":"Feature","id":"road-1610","properties":{"id":"road-1610","highway":"path","bicycle":"designated","surface":"asphalt","segregated":"no","lit":"yes","foot":"designated","osm_id":"207645596"},"geometry":{"type":"LineString","coordinates":[[12.913849,43.901565],[12.913906,43.901863]]}},{"type":"Feature","id":"road-1611","properties":{"id":"road-1611","highway":"cycleway","bicycle":"designated","surface":"asphalt","segregated":"no","lit":"yes","foot":"designated","osm_id":"207645597"},"geometry":{"type":"LineString","coordinates":[[12.91365,43.902368],[12.913618,43.902289],[12.913554,43.902229],[12.913515,43.902151],[12.913515,43.902104],[12.913584,43.901991],[12.913682,43.901935],[12.913734,43.901854]]}},{"type":"Feature","id":"road-1616","properties":{"id":"road-1616","highway":"path","bicycle":"designated","surface":"compacted","segregated":"no","foot":"designated","osm_id":"207645603"},"geometry":{"type":"LineString","coordinates":[[12.902179,43.90549],[12.901378,43.904883],[12.900958,43.905172]]}},{"type":"Feature","id":"road-1623","properties":{"id":"road-1623","highway":"cycleway","bicycle":"designated","surface":"paving_stones","segregated":"no","lit":"yes","foot":"designated","osm_id":"208567638"},"geometry":{"type":"LineString","coordinates":[[12.893393,43.895222],[12.893614,43.895068]]}},{"type":"Feature","id":"road-1624","properties":{"id":"road-1624","highway":"cycleway","surface":"asphalt","segregated":"no","lit":"yes","foot":"designated","osm_id":"208567640"},"geometry":{"type":"LineString","coordinates":[[12.898485,43.892157],[12.898649,43.892148],[12.898735,43.892163],[12.898889,43.892221],[12.898966,43.892268]]}},{"type":"Feature","id":"road-1644","properties":{"id":"road-1644","highway":"path","bicycle":"yes","surface":"asphalt","foot":"designated","osm_id":"214389273"},"geometry":{"type":"LineString","coordinates":[[12.911303,43.895494],[12.910307,43.895461]]}},{"type":"Feature","id":"road-1649","properties":{"id":"road-1649","highway":"cycleway","bicycle":"designated","surface":"paved","segregated":"yes","foot":"designated","osm_id":"214389294"},"geometry":{"type":"LineString","coordinates":[[12.908538,43.892778],[12.908526,43.8928],[12.908722,43.893128]]}},{"type":"Feature","id":"road-1650","properties":{"id":"road-1650","highway":"cycleway","surface":"sett","segregated":"yes","lit":"yes","foot":"designated","osm_id":"214452274"},"geometry":{"type":"LineString","coordinates":[[12.905802,43.90723],[12.905819,43.907148],[12.905884,43.907034],[12.905999,43.906528],[12.906035,43.906468],[12.906102,43.90642]]}},{"type":"Feature","id":"road-1652","properties":{"id":"road-1652","highway":"path","bicycle":"designated","surface":"asphalt","segregated":"no","lit":"yes","foot":"designated","osm_id":"214452276"},"geometry":{"type":"LineString","coordinates":[[12.908814,43.907277],[12.909008,43.907157]]}},{"type":"Feature","id":"road-1654","properties":{"id":"road-1654","highway":"cycleway","cycleway":"crossing","surface":"asphalt","segregated":"no","lit":"yes","foot":"designated","osm_id":"214452278"},"geometry":{"type":"LineString","coordinates":[[12.905493,43.908244],[12.90555,43.908143]]}},{"type":"Feature","id":"road-1655","properties":{"id":"road-1655","highway":"cycleway","surface":"sett","lit":"yes","osm_id":"214452279"},"geometry":{"type":"LineString","coordinates":[[12.906102,43.90642],[12.906184,43.906417],[12.907262,43.906561],[12.907669,43.906647],[12.90785,43.906706],[12.908326,43.906976]]}},{"type":"Feature","id":"road-1656","properties":{"id":"road-1656","highway":"cycleway","surface":"sett","lit":"yes","osm_id":"214452281"},"geometry":{"type":"LineString","coordinates":[[12.90555,43.908143],[12.905502,43.908054],[12.905516,43.907992],[12.905657,43.907678],[12.905802,43.90723]]}},{"type":"Feature","id":"road-1661","properties":{"id":"road-1661","highway":"path","bicycle":"designated","surface":"asphalt","segregated":"no","lit":"yes","foot":"designated","osm_id":"215666293"},"geometry":{"type":"LineString","coordinates":[[12.911524,43.89826],[12.911571,43.898268],[12.912961,43.90058]]}},{"type":"Feature","id":"road-1663","properties":{"id":"road-1663","highway":"path","bicycle":"designated","surface":"asphalt","segregated":"no","lit":"yes","foot":"designated","osm_id":"215666296"},"geometry":{"type":"LineString","coordinates":[[12.910337,43.896218],[12.911477,43.898135],[12.911481,43.898153],[12.911425,43.898204]]}},{"type":"Feature","id":"road-1682","properties":{"id":"road-1682","highway":"cycleway","surface":"paved","segregated":"no","lit":"yes","foot":"designated","osm_id":"220541769"},"geometry":{"type":"LineString","coordinates":[[12.890848,43.903673],[12.89091,43.903773],[12.891132,43.903962],[12.891041,43.904025]]}},{"type":"Feature","id":"road-1697","properties":{"id":"road-1697","highway":"tertiary","name":"Via Nicolò Paganini","cycleway:left":"lane","cycleway:right":"lane","surface":"asphalt","lit":"yes","osm_id":"220675718"},"geometry":{"type":"LineString","coordinates":[[12.892363,43.902535],[12.890794,43.901149],[12.890554,43.900956],[12.89015,43.900718],[12.889957,43.90064],[12.889592,43.900526],[12.889208,43.900438],[12.887367,43.900102],[12.886886,43.900001]]}},{"type":"Feature","id":"road-1708","properties":{"id":"road-1708","highway":"cycleway","surface":"asphalt","segregated":"yes","foot":"designated","osm_id":"220675729"},"geometry":{"type":"LineString","coordinates":[[12.892003,43.899161],[12.891764,43.898727],[12.891646,43.898569],[12.891535,43.898458],[12.891214,43.898203],[12.890934,43.898037],[12.89069,43.897935],[12.89037,43.897834],[12.889628,43.897697],[12.88906,43.897619],[12.888768,43.897562],[12.888403,43.897423]]}},{"type":"Feature","id":"road-1716","properties":{"id":"road-1716","highway":"cycleway","surface":"asphalt","osm_id":"220675749"},"geometry":{"type":"LineString","coordinates":[[12.887519,43.896952],[12.886579,43.896462]]}},{"type":"Feature","id":"road-1718","properties":{"id":"road-1718","highway":"cycleway","surface":"paved","lit":"yes","osm_id":"220879816"},"geometry":{"type":"LineString","coordinates":[[12.89122,43.903948],[12.892154,43.903296]]}},{"type":"Feature","id":"road-1725","properties":{"id":"road-1725","highway":"cycleway","bicycle":"designated","surface":"paved","access":"no","segregated":"no","lit":"yes","width":"2.5","foot":"designated","osm_id":"220879824"},"geometry":{"type":"LineString","coordinates":[[12.897026,43.908062],[12.897179,43.90838],[12.897275,43.90849]]}},{"type":"Feature","id":"road-1727","properties":{"id":"road-1727","highway":"cycleway","surface":"paved","segregated":"yes","lit":"yes","foot":"designated","osm_id":"220879826"},"geometry":{"type":"LineString","coordinates":[[12.899379,43.910668],[12.901714,43.910729]]}},{"type":"Feature","id":"road-1728","properties":{"id":"road-1728","highway":"path","bicycle":"designated","surface":"asphalt","oneway":"yes","segregated":"no","lit":"yes","foot":"designated","osm_id":"220879827"},"geometry":{"type":"LineString","coordinates":[[12.90156,43.911332],[12.901527,43.911206],[12.901546,43.911126],[12.901719,43.910855],[12.901715,43.910785]]}},{"type":"Feature","id":"road-1736","properties":{"id":"road-1736","highway":"cycleway","name":"Via Milano","surface":"paved","segregated":"no","lit":"yes","foot":"designated","osm_id":"220907586"},"geometry":{"type":"LineString","coordinates":[[12.891248,43.905952],[12.890135,43.905348],[12.890027,43.905323]]}},{"type":"Feature","id":"road-1737","properties":{"id":"road-1737","highway":"path","bicycle":"designated","surface":"paved","segregated":"yes","lit":"yes","foot":"designated","osm_id":"220907587"},"geometry":{"type":"LineString","coordinates":[[12.888865,43.905129],[12.888769,43.905065]]}},{"type":"Feature","id":"road-1739","properties":{"id":"road-1739","highway":"cycleway","surface":"paved","lit":"yes","osm_id":"220907589"},"geometry":{"type":"LineString","coordinates":[[12.888901,43.90496],[12.889099,43.905014],[12.88929,43.905019],[12.889438,43.904987],[12.889487,43.904956],[12.8897,43.904902],[12.889796,43.904854]]}},{"type":"Feature","id":"road-1742","properties":{"id":"road-1742","highway":"cycleway","bicycle":"designated","surface":"paved","segregated":"yes","lit":"yes","foot":"designated","osm_id":"220907592"},"geometry":{"type":"LineString","coordinates":[[12.889206,43.905494],[12.888763,43.905836]]}},{"type":"Feature","id":"road-1744","properties":{"id":"road-1744","highway":"path","bicycle":"designated","surface":"paved","foot":"designated","osm_id":"220907597"},"geometry":{"type":"LineString","coordinates":[[12.888838,43.905012],[12.888901,43.90496],[12.888838,43.904929],[12.888895,43.904882]]}},{"type":"Feature","id":"road-1745","properties":{"id":"road-1745","highway":"cycleway","surface":"paved","lit":"yes","width":"2","foot":"no","osm_id":"220907601"},"geometry":{"type":"LineString","coordinates":[[12.888865,43.905129],[12.889132,43.905188],[12.889241,43.905227],[12.889311,43.905417],[12.889279,43.905454],[12.889206,43.905494]]}},{"type":"Feature","id":"road-1759","properties":{"id":"road-1759","highway":"path","bicycle":"designated","segregated":"no","foot":"designated","osm_id":"221139043"},"geometry":{"type":"LineString","coordinates":[[12.873189,43.887876],[12.873232,43.887817],[12.87354,43.88781],[12.873649,43.887791],[12.87389,43.887778],[12.87395,43.887757]]}},{"type":"Feature","id":"road-1763","properties":{"id":"road-1763","highway":"path","bicycle":"designated","segregated":"no","foot":"designated","osm_id":"221139047"},"geometry":{"type":"LineString","coordinates":[[12.87563,43.886922],[12.875804,43.887006],[12.875944,43.887026],[12.876078,43.887073],[12.876664,43.887353],[12.877353,43.887736],[12.877512,43.887614],[12.877606,43.887614],[12.877636,43.887588],[12.877639,43.887501],[12.878246,43.887045]]}},{"type":"Feature","id":"road-1767","properties":{"id":"road-1767","highway":"path","bicycle":"designated","segregated":"no","foot":"designated","osm_id":"221139051"},"geometry":{"type":"LineString","coordinates":[[12.87813,43.887132],[12.877935,43.887021]]}},{"type":"Feature","id":"road-1773","properties":{"id":"road-1773","highway":"path","bicycle":"designated","segregated":"no","foot":"designated","osm_id":"221139057"},"geometry":{"type":"LineString","coordinates":[[12.872234,43.886723],[12.872225,43.886775],[12.871922,43.887187],[12.871712,43.887527],[12.871106,43.888386],[12.871128,43.888436],[12.872354,43.889113],[12.872428,43.889131],[12.872496,43.889127],[12.872597,43.889064],[12.873123,43.888143],[12.873159,43.888095],[12.873294,43.887993],[12.873342,43.887775],[12.873636,43.887388],[12.873603,43.887295]]}},{"type":"Feature","id":"road-1778","properties":{"id":"road-1778","highway":"path","bicycle":"designated","segregated":"no","foot":"designated","osm_id":"221139062"},"geometry":{"type":"LineString","coordinates":[[12.877074,43.887588],[12.876306,43.888294],[12.876189,43.88843],[12.876123,43.888465],[12.87585,43.888714],[12.87535,43.889129],[12.875039,43.889309],[12.874806,43.889404],[12.874552,43.889743],[12.874503,43.889756],[12.874268,43.88967],[12.874057,43.889617],[12.873702,43.889554],[12.873583,43.889486],[12.873558,43.889398],[12.873816,43.889015],[12.873936,43.888742],[12.874154,43.888529],[12.874537,43.888105],[12.874645,43.887942]]}},{"type":"Feature","id":"road-1784","properties":{"id":"road-1784","highway":"path","bicycle":"designated","segregated":"no","foot":"designated","osm_id":"221139068"},"geometry":{"type":"LineString","coordinates":[[12.874677,43.887864],[12.874645,43.887942],[12.874741,43.887993],[12.874684,43.88805]]}},{"type":"Feature","id":"road-1785","properties":{"id":"road-1785","highway":"path","bicycle":"designated","segregated":"no","foot":"designated","osm_id":"221139069"},"geometry":{"type":"LineString","coordinates":[[12.872552,43.888911],[12.872608,43.888905],[12.873627,43.889281],[12.873757,43.889356]]}},{"type":"Feature","id":"road-1787","properties":{"id":"road-1787","highway":"cycleway","bicycle":"designated","surface":"asphalt","segregated":"yes","foot":"designated","osm_id":"221139071"},"geometry":{"type":"LineString","coordinates":[[12.876988,43.888929],[12.876608,43.888685],[12.876315,43.88845],[12.875979,43.888256],[12.875617,43.888091],[12.875274,43.887841],[12.875212,43.887813],[12.875072,43.887794],[12.874979,43.887806],[12.874895,43.887827],[12.874716,43.887924],[12.874645,43.887942],[12.874439,43.887935],[12.873334,43.88753],[12.87269,43.887437],[12.872289,43.887325],[12.871996,43.887209],[12.871818,43.887165],[12.871528,43.887153],[12.870728,43.88727],[12.870602,43.887311],[12.87037,43.88742],[12.87023,43.887528],[12.870137,43.887627],[12.870077,43.88766],[12.870017,43.88767],[12.869949,43.88766],[12.869686,43.887554]]}},{"type":"Feature","id":"road-1820","properties":{"id":"road-1820","highway":"cycleway","cycleway":"crossing","surface":"asphalt","segregated":"no","lit":"yes","foot":"designated","osm_id":"222366609"},"geometry":{"type":"LineString","coordinates":[[12.904079,43.91058],[12.903916,43.910543]]}},{"type":"Feature","id":"road-1822","properties":{"id":"road-1822","highway":"tertiary","name":"Via Gradara","cycleway:right":"lane","surface":"asphalt","smoothness":"excellent","oneway":"yes","lit":"yes","osm_id":"222652018"},"geometry":{"type":"LineString","coordinates":[[12.891654,43.904486],[12.892076,43.904795],[12.892454,43.905042]]}},{"type":"Feature","id":"road-1824","properties":{"id":"road-1824","highway":"path","bicycle":"yes","surface":"paved","foot":"yes","osm_id":"222652020"},"geometry":{"type":"LineString","coordinates":[[12.894728,43.906285],[12.894684,43.906322],[12.894628,43.906333]]}},{"type":"Feature","id":"road-1831","properties":{"id":"road-1831","highway":"cycleway","surface":"paved","segregated":"no","lit":"yes","foot":"designated","osm_id":"222652027"},"geometry":{"type":"LineString","coordinates":[[12.896386,43.903799],[12.896332,43.903798],[12.894582,43.902495]]}},{"type":"Feature","id":"road-1873","properties":{"id":"road-1873","highway":"cycleway","surface":"asphalt","oneway":"no","lit":"yes","osm_id":"223038943"},"geometry":{"type":"LineString","coordinates":[[12.904305,43.910783],[12.90563,43.908595],[12.905609,43.908544]]}},{"type":"Feature","id":"road-1875","properties":{"id":"road-1875","highway":"cycleway","surface":"asphalt","segregated":"no","lit":"yes","foot":"designated","osm_id":"223038945"},"geometry":{"type":"LineString","coordinates":[[12.903876,43.910883],[12.903951,43.910879],[12.904208,43.910918],[12.904268,43.910845]]}},{"type":"Feature","id":"road-1876","properties":{"id":"road-1876","highway":"path","bicycle":"designated","surface":"asphalt","segregated":"no","lit":"yes","foot":"designated","osm_id":"223038946"},"geometry":{"type":"LineString","coordinates":[[12.904079,43.91058],[12.904116,43.910685],[12.904224,43.910758]]}},{"type":"Feature","id":"road-1877","properties":{"id":"road-1877","highway":"cycleway","surface":"paved","segregated":"yes","lit":"yes","foot":"designated","osm_id":"223038947"},"geometry":{"type":"LineString","coordinates":[[12.904009,43.913879],[12.904173,43.913612]]}},{"type":"Feature","id":"road-1878","properties":{"id":"road-1878","highway":"cycleway","surface":"paved","segregated":"yes","lit":"yes","foot":"designated","osm_id":"223038949"},"geometry":{"type":"LineString","coordinates":[[12.903916,43.910543],[12.903871,43.91062],[12.903845,43.910642],[12.903813,43.910646],[12.903524,43.91057],[12.90337,43.910552]]}},{"type":"Feature","id":"road-1883","properties":{"id":"road-1883","highway":"cycleway","name":"Via Nino Bixio","surface":"asphalt","oneway":"yes","lit":"yes","osm_id":"223086141"},"geometry":{"type":"LineString","coordinates":[[12.909271,43.905498],[12.909329,43.905545],[12.909595,43.906477],[12.909561,43.906511]]}},{"type":"Feature","id":"road-1915","properties":{"id":"road-1915","highway":"path","bicycle":"designated","surface":"paved","segregated":"yes","foot":"designated","osm_id":"224933687"},"geometry":{"type":"LineString","coordinates":[[12.909139,43.888041],[12.909193,43.887981],[12.909162,43.887956],[12.909242,43.887877],[12.909543,43.887654]]}},{"type":"Feature","id":"road-1916","properties":{"id":"road-1916","highway":"cycleway","bicycle":"designated","surface":"paved","segregated":"yes","foot":"designated","osm_id":"224933688"},"geometry":{"type":"LineString","coordinates":[[12.910383,43.888705],[12.910438,43.888699],[12.910655,43.888489]]}},{"type":"Feature","id":"road-1927","properties":{"id":"road-1927","highway":"cycleway","bicycle":"designated","surface":"ground","foot":"designated","osm_id":"226394299"},"geometry":{"type":"LineString","coordinates":[[12.857288,43.89593],[12.857381,43.895879],[12.857584,43.895645],[12.858799,43.894408],[12.85896,43.894288],[12.859134,43.8942],[12.859331,43.894138],[12.859599,43.894118],[12.86009,43.894112],[12.860187,43.894098]]}},{"type":"Feature","id":"road-1931","properties":{"id":"road-1931","highway":"track","bicycle":"yes","osm_id":"226394311"},"geometry":{"type":"LineString","coordinates":[[12.847499,43.892359],[12.848033,43.892195],[12.848844,43.891907],[12.84916,43.891837],[12.849775,43.891746],[12.851017,43.891594],[12.851199,43.891588],[12.851518,43.891632],[12.851674,43.891684],[12.851811,43.891751],[12.851925,43.891828],[12.852024,43.891924],[12.85215,43.892153],[12.852167,43.892256],[12.851979,43.894999]]}},{"type":"Feature","id":"road-1961","properties":{"id":"road-1961","highway":"path","bicycle":"yes","surface":"asphalt","lit":"yes","foot":"designated","osm_id":"227935671"},"geometry":{"type":"LineString","coordinates":[[12.868612,43.888063],[12.868738,43.888055],[12.86892,43.888006],[12.869094,43.887993],[12.869299,43.887882],[12.869429,43.887759],[12.869494,43.887788]]}},{"type":"Feature","id":"road-1962","properties":{"id":"road-1962","highway":"path","bicycle":"designated","surface":"asphalt","segregated":"no","lit":"yes","foot":"designated","osm_id":"227935672"},"geometry":{"type":"LineString","coordinates":[[12.86869,43.88863],[12.86855,43.889131],[12.868533,43.889337],[12.868572,43.889568],[12.868558,43.889667],[12.868526,43.889718],[12.867711,43.890395]]}},{"type":"Feature","id":"road-1967","properties":{"id":"road-1967","highway":"path","bicycle":"yes","surface":"asphalt","lit":"yes","foot":"designated","osm_id":"227935681"},"geometry":{"type":"LineString","coordinates":[[12.867723,43.887973],[12.867783,43.888018],[12.868095,43.888159],[12.868399,43.888341],[12.868566,43.888457],[12.86869,43.88863]]}},{"type":"Feature","id":"road-2001","properties":{"id":"road-2001","highway":"path","bicycle":"designated","surface":"paved","segregated":"no","lit":"yes","width":"3","foot":"designated","osm_id":"232841653"},"geometry":{"type":"LineString","coordinates":[[12.906459,43.92346],[12.906597,43.923501],[12.906626,43.923548],[12.906623,43.923703],[12.906914,43.924564]]}},{"type":"Feature","id":"road-2024","properties":{"id":"road-2024","highway":"cycleway","surface":"asphalt","segregated":"no","foot":"designated","osm_id":"234274725"},"geometry":{"type":"LineString","coordinates":[[12.888101,43.892206],[12.888155,43.892033],[12.888157,43.89197]]}},{"type":"Feature","id":"road-2040","properties":{"id":"road-2040","highway":"cycleway","surface":"sett","segregated":"no","foot":"designated","osm_id":"239008906"},"geometry":{"type":"LineString","coordinates":[[12.895753,43.898191],[12.895979,43.898302],[12.896018,43.898317],[12.896053,43.898305]]}},{"type":"Feature","id":"road-2054","properties":{"id":"road-2054","highway":"tertiary","name":"Via Lubiana","cycleway:left":"lane","cycleway:right":"lane","surface":"asphalt","lit":"yes","osm_id":"240062315"},"geometry":{"type":"LineString","coordinates":[[12.900125,43.892945],[12.90751,43.891844]]}},{"type":"Feature","id":"road-2060","properties":{"id":"road-2060","highway":"cycleway","bicycle":"designated","surface":"asphalt","segregated":"yes","lit":"yes","foot":"designated","osm_id":"240062323"},"geometry":{"type":"LineString","coordinates":[[12.896167,43.893665],[12.896202,43.893764],[12.896722,43.894146]]}},{"type":"Feature","id":"road-2061","properties":{"id":"road-2061","highway":"cycleway","bicycle":"designated","surface":"asphalt","smoothness":"good","segregated":"yes","lit":"yes","width":"3","foot":"designated","osm_id":"240062324"},"geometry":{"type":"LineString","coordinates":[[12.894696,43.894304],[12.895781,43.89353]]}},{"type":"Feature","id":"road-2062","properties":{"id":"road-2062","highway":"cycleway","bicycle":"designated","surface":"asphalt","segregated":"yes","lit":"yes","foot":"designated","osm_id":"240062327"},"geometry":{"type":"LineString","coordinates":[[12.896067,43.89359],[12.89818,43.892151],[12.898308,43.892079],[12.898606,43.891997]]}},{"type":"Feature","id":"road-2063","properties":{"id":"road-2063","highway":"cycleway","surface":"asphalt","segregated":"no","lit":"yes","foot":"designated","osm_id":"240062328"},"geometry":{"type":"LineString","coordinates":[[12.898606,43.891997],[12.898792,43.891864],[12.898911,43.891805]]}},{"type":"Feature","id":"road-2076","properties":{"id":"road-2076","highway":"cycleway","surface":"asphalt","segregated":"no","lit":"yes","foot":"designated","osm_id":"240709216"},"geometry":{"type":"LineString","coordinates":[[12.898911,43.891805],[12.898988,43.89172],[12.899065,43.891726]]}},{"type":"Feature","id":"road-2078","properties":{"id":"road-2078","highway":"cycleway","surface":"asphalt","segregated":"no","lit":"yes","foot":"designated","osm_id":"240709218"},"geometry":{"type":"LineString","coordinates":[[12.899189,43.89238],[12.901634,43.8923]]}},{"type":"Feature","id":"road-2079","properties":{"id":"road-2079","highway":"cycleway","bicycle":"designated","surface":"asphalt","segregated":"no","lit":"yes","foot":"designated","osm_id":"240709219"},"geometry":{"type":"LineString","coordinates":[[12.89927,43.893168],[12.899339,43.893116],[12.899389,43.893044],[12.89939,43.89296]]}},{"type":"Feature","id":"road-2081","properties":{"id":"road-2081","highway":"cycleway","surface":"asphalt","segregated":"yes","foot":"designated","osm_id":"240709221"},"geometry":{"type":"LineString","coordinates":[[12.898966,43.892268],[12.899127,43.89258],[12.899361,43.892893],[12.89939,43.89296]]}},{"type":"Feature","id":"road-2082","properties":{"id":"road-2082","highway":"cycleway","surface":"asphalt","segregated":"yes","lit":"yes","foot":"designated","osm_id":"240709223"},"geometry":{"type":"LineString","coordinates":[[12.899163,43.892216],[12.899189,43.89238],[12.899237,43.892513],[12.899311,43.892632],[12.89956,43.8929]]}},{"type":"Feature","id":"road-2083","properties":{"id":"road-2083","highway":"cycleway","surface":"paved","oneway":"no","segregated":"yes","lit":"yes","foot":"designated","osm_id":"240709224"},"geometry":{"type":"LineString","coordinates":[[12.902953,43.891608],[12.904133,43.891435],[12.904174,43.891421],[12.904189,43.891362]]}},{"type":"Feature","id":"road-2114","properties":{"id":"road-2114","highway":"residential","name":"Via Tolmino","cycleway:left":"lane","surface":"asphalt","maxspeed":"20","oneway":"yes","oneway:bicycle":"no","lit":"yes","osm_id":"242751881"},"geometry":{"type":"LineString","coordinates":[[12.892224,43.908877],[12.893371,43.90864],[12.893866,43.908635]]}},{"type":"Feature","id":"road-2143","properties":{"id":"road-2143","highway":"cycleway","cycleway":"crossing","surface":"asphalt","segregated":"no","lit":"yes","foot":"designated","osm_id":"254226145"},"geometry":{"type":"LineString","coordinates":[[12.917274,43.904658],[12.917226,43.904768],[12.917241,43.904791]]}},{"type":"Feature","id":"road-2144","properties":{"id":"road-2144","highway":"cycleway","surface":"sett","segregated":"no","lit":"yes","foot":"designated","osm_id":"254226147"},"geometry":{"type":"LineString","coordinates":[[12.917504,43.905603],[12.917529,43.905329]]}},{"type":"Feature","id":"road-2146","properties":{"id":"road-2146","highway":"cycleway","surface":"asphalt","segregated":"no","lit":"yes","foot":"designated","osm_id":"254226153"},"geometry":{"type":"LineString","coordinates":[[12.917504,43.905603],[12.917428,43.90571],[12.917458,43.90579]]}},{"type":"Feature","id":"road-2147","properties":{"id":"road-2147","highway":"cycleway","surface":"asphalt","segregated":"no","lit":"yes","foot":"designated","osm_id":"254226155"},"geometry":{"type":"LineString","coordinates":[[12.917648,43.904916],[12.917643,43.904843],[12.917682,43.904749]]}},{"type":"Feature","id":"road-2148","properties":{"id":"road-2148","highway":"cycleway","surface":"asphalt","lit":"yes","osm_id":"254226157"},"geometry":{"type":"LineString","coordinates":[[12.917454,43.904947],[12.917532,43.905202],[12.917529,43.905329]]}},{"type":"Feature","id":"road-2149","properties":{"id":"road-2149","highway":"cycleway","surface":"sett","segregated":"no","foot":"designated","osm_id":"254226158"},"geometry":{"type":"LineString","coordinates":[[12.917504,43.905603],[12.917549,43.905702],[12.917723,43.905765],[12.917767,43.905878]]}},{"type":"Feature","id":"road-2157","properties":{"id":"road-2157","highway":"cycleway","surface":"paved","segregated":"yes","foot":"designated","osm_id":"254270281"},"geometry":{"type":"LineString","coordinates":[[12.925638,43.893113],[12.925267,43.892455],[12.925272,43.892408],[12.925325,43.892309],[12.92562,43.892146]]}},{"type":"Feature","id":"road-2160","properties":{"id":"road-2160","highway":"cycleway","surface":"paved","oneway":"yes","segregated":"yes","lit":"yes","foot":"designated","osm_id":"254270286"},"geometry":{"type":"LineString","coordinates":[[12.920057,43.905766],[12.918227,43.904947]]}},{"type":"Feature","id":"road-2161","properties":{"id":"road-2161","highway":"cycleway","cycleway":"crossing","surface":"asphalt","segregated":"yes","lit":"yes","foot":"designated","osm_id":"254270287"},"geometry":{"type":"LineString","coordinates":[[12.920542,43.901146],[12.920582,43.901073]]}},{"type":"Feature","id":"road-2178","properties":{"id":"road-2178","highway":"cycleway","name":"Via Pantano","surface":"asphalt","oneway":"no","osm_id":"254442505"},"geometry":{"type":"LineString","coordinates":[[12.908453,43.896955],[12.908461,43.896893],[12.909043,43.896202],[12.909028,43.896151]]}},{"type":"Feature","id":"road-2179","properties":{"id":"road-2179","highway":"path","bicycle":"designated","surface":"asphalt","segregated":"no","lit":"yes","foot":"designated","osm_id":"254442506"},"geometry":{"type":"LineString","coordinates":[[12.912961,43.90058],[12.913173,43.900915],[12.913303,43.901056],[12.913328,43.901108],[12.913297,43.901208]]}},{"type":"Feature","id":"road-2180","properties":{"id":"road-2180","highway":"tertiary","name":"Via Lubiana","cycleway:right":"lane","surface":"asphalt","oneway":"yes","osm_id":"254491109"},"geometry":{"type":"LineString","coordinates":[[12.899878,43.892978],[12.900125,43.892945]]}},{"type":"Feature","id":"road-2184","properties":{"id":"road-2184","highway":"cycleway","bicycle":"designated","surface":"paved","segregated":"yes","foot":"designated","osm_id":"254491113"},"geometry":{"type":"LineString","coordinates":[[12.906525,43.890605],[12.906992,43.890159]]}},{"type":"Feature","id":"road-2185","properties":{"id":"road-2185","highway":"cycleway","bicycle":"designated","surface":"paved","segregated":"yes","lit":"yes","foot":"designated","osm_id":"254491115"},"geometry":{"type":"LineString","coordinates":[[12.907635,43.891752],[12.908043,43.891675],[12.908119,43.891628],[12.908156,43.891579],[12.908172,43.891491],[12.907871,43.890723],[12.907759,43.890572],[12.907701,43.89044],[12.907599,43.890335],[12.907519,43.890299],[12.907384,43.890273]]}},{"type":"Feature","id":"road-2186","properties":{"id":"road-2186","highway":"cycleway","bicycle":"designated","surface":"asphalt","segregated":"no","lit":"yes","foot":"designated","osm_id":"254491118"},"geometry":{"type":"LineString","coordinates":[[12.89956,43.8929],[12.899618,43.892932],[12.899684,43.892943],[12.899843,43.892937],[12.899878,43.892978]]}},{"type":"Feature","id":"road-2187","properties":{"id":"road-2187","highway":"cycleway","surface":"paved","segregated":"yes","lit":"yes","foot":"designated","osm_id":"254491119"},"geometry":{"type":"LineString","coordinates":[[12.905983,43.889474],[12.905937,43.889515],[12.905951,43.889574],[12.906395,43.889815],[12.906437,43.889858],[12.906456,43.889966],[12.906395,43.890052],[12.90524,43.891166]]}},{"type":"Feature","id":"road-2188","properties":{"id":"road-2188","highway":"cycleway","bicycle":"designated","surface":"asphalt","segregated":"no","lit":"yes","foot":"designated","osm_id":"254491120"},"geometry":{"type":"LineString","coordinates":[[12.899783,43.893362],[12.899637,43.893338],[12.899439,43.893353]]}},{"type":"Feature","id":"road-2189","properties":{"id":"road-2189","highway":"cycleway","surface":"asphalt","segregated":"no","lit":"yes","foot":"designated","osm_id":"254491121"},"geometry":{"type":"LineString","coordinates":[[12.899959,43.893074],[12.899921,43.893134],[12.89991,43.893197],[12.899929,43.893264]]}},{"type":"Feature","id":"road-2194","properties":{"id":"road-2194","highway":"cycleway","bicycle":"designated","surface":"asphalt","segregated":"yes","foot":"designated","osm_id":"254500293"},"geometry":{"type":"LineString","coordinates":[[12.905453,43.887943],[12.903951,43.888406]]}},{"type":"Feature","id":"road-2195","properties":{"id":"road-2195","highway":"path","bicycle":"designated","foot":"yes","osm_id":"254500296"},"geometry":{"type":"LineString","coordinates":[[12.90547,43.88808],[12.905518,43.888037],[12.905453,43.887943]]}},{"type":"Feature","id":"road-2196","properties":{"id":"road-2196","highway":"path","bicycle":"designated","foot":"yes","osm_id":"254500297"},"geometry":{"type":"LineString","coordinates":[[12.903951,43.888406],[12.904005,43.888498],[12.904041,43.888517]]}},{"type":"Feature","id":"road-2197","properties":{"id":"road-2197","highway":"cycleway","surface":"paved","segregated":"yes","lit":"yes","foot":"designated","osm_id":"254500299"},"geometry":{"type":"LineString","coordinates":[[12.90524,43.891166],[12.905208,43.891221],[12.905226,43.891244],[12.905301,43.891254],[12.905833,43.891179],[12.905908,43.891155],[12.90603,43.891087],[12.906525,43.890605]]}},{"type":"Feature","id":"road-2205","properties":{"id":"road-2205","highway":"cycleway","name":"Via Milano","bicycle":"designated","surface":"paved","segregated":"no","lit":"yes","foot":"designated","osm_id":"254581784"},"geometry":{"type":"LineString","coordinates":[[12.894567,43.908805],[12.894324,43.908514]]}},{"type":"Feature","id":"road-2209","properties":{"id":"road-2209","highway":"cycleway","surface":"asphalt","oneway":"yes","lit":"yes","osm_id":"254698431"},"geometry":{"type":"LineString","coordinates":[[12.915225,43.911666],[12.915342,43.911765],[12.915534,43.911859],[12.915642,43.911952],[12.915709,43.912122]]}},{"type":"Feature","id":"road-2210","properties":{"id":"road-2210","highway":"cycleway","surface":"asphalt","oneway":"yes","lit":"yes","osm_id":"254698432"},"geometry":{"type":"LineString","coordinates":[[12.91593,43.909192],[12.915816,43.909631]]}},{"type":"Feature","id":"road-2217","properties":{"id":"road-2217","highway":"cycleway","surface":"asphalt","oneway":"yes","lit":"yes","osm_id":"254727054"},"geometry":{"type":"LineString","coordinates":[[12.915816,43.909631],[12.915766,43.909838],[12.915765,43.910057],[12.915906,43.910311],[12.915957,43.91036],[12.916068,43.910537],[12.916072,43.910639],[12.915681,43.911132],[12.915225,43.911666]]}},{"type":"Feature","id":"road-2218","properties":{"id":"road-2218","highway":"cycleway","surface":"paved","segregated":"yes","lit":"yes","foot":"designated","osm_id":"254727058"},"geometry":{"type":"LineString","coordinates":[[12.904237,43.913487],[12.904276,43.913423]]}},{"type":"Feature","id":"road-2219","properties":{"id":"road-2219","highway":"cycleway","surface":"asphalt","lit":"yes","osm_id":"254727066"},"geometry":{"type":"LineString","coordinates":[[12.904577,43.916066],[12.904471,43.916021],[12.904411,43.915969]]}},{"type":"Feature","id":"road-2220","properties":{"id":"road-2220","highway":"cycleway","surface":"asphalt","segregated":"no","lit":"yes","foot":"designated","osm_id":"254727069"},"geometry":{"type":"LineString","coordinates":[[12.905133,43.908964],[12.905298,43.908714],[12.905382,43.908644]]}},{"type":"Feature","id":"road-2221","properties":{"id":"road-2221","highway":"cycleway","surface":"asphalt","oneway":"yes","lit":"yes","osm_id":"254727071"},"geometry":{"type":"LineString","coordinates":[[12.917907,43.913792],[12.917183,43.913271]]}},{"type":"Feature","id":"road-2226","properties":{"id":"road-2226","highway":"cycleway","surface":"paved","segregated":"no","lit":"yes","foot":"designated","osm_id":"254818758"},"geometry":{"type":"LineString","coordinates":[[12.892154,43.903296],[12.892502,43.902964],[12.892529,43.902873],[12.892522,43.902818],[12.892447,43.902725]]}},{"type":"Feature","id":"road-2227","properties":{"id":"road-2227","highway":"cycleway","surface":"paved","segregated":"yes","lit":"yes","foot":"designated","osm_id":"254818760"},"geometry":{"type":"LineString","coordinates":[[12.894502,43.902436],[12.894118,43.902163]]}},{"type":"Feature","id":"road-2228","properties":{"id":"road-2228","highway":"cycleway","surface":"paved","segregated":"no","lit":"yes","foot":"designated","osm_id":"254818763"},"geometry":{"type":"LineString","coordinates":[[12.893738,43.902098],[12.893765,43.902037],[12.893734,43.901915]]}},{"type":"Feature","id":"road-2229","properties":{"id":"road-2229","highway":"cycleway","surface":"paving_stones","segregated":"no","lit":"yes","foot":"designated","osm_id":"254818764"},"geometry":{"type":"LineString","coordinates":[[12.903537,43.90308],[12.903378,43.903001]]}},{"type":"Feature","id":"road-2231","properties":{"id":"road-2231","highway":"path","bicycle":"designated","surface":"paved","segregated":"no","lit":"yes","foot":"designated","osm_id":"254818766"},"geometry":{"type":"LineString","coordinates":[[12.893917,43.902231],[12.894003,43.902173],[12.894118,43.902163]]}},{"type":"Feature","id":"road-2232","properties":{"id":"road-2232","highway":"cycleway","surface":"asphalt","segregated":"no","foot":"designated","osm_id":"254818767"},"geometry":{"type":"LineString","coordinates":[[12.884986,43.895583],[12.885606,43.895932],[12.885768,43.896052],[12.885997,43.89627]]}},{"type":"Feature","id":"road-2233","properties":{"id":"road-2233","highway":"cycleway","surface":"paved","segregated":"no","lit":"yes","foot":"designated","osm_id":"254818768"},"geometry":{"type":"LineString","coordinates":[[12.892545,43.902524],[12.892863,43.902585],[12.892962,43.902582],[12.893046,43.902552],[12.893738,43.902098]]}},{"type":"Feature","id":"road-2234","properties":{"id":"road-2234","highway":"track","bicycle":"designated","surface":"compacted","segregated":"no","foot":"designated","osm_id":"254818769"},"geometry":{"type":"LineString","coordinates":[[12.898473,43.905478],[12.898581,43.90546],[12.898658,43.905405],[12.89871,43.905338],[12.899983,43.904444]]}},{"type":"Feature","id":"road-2235","properties":{"id":"road-2235","highway":"tertiary","name":"Piazzale Giacomo Matteotti","cycleway:right":"lane","surface":"asphalt","oneway":"yes","osm_id":"254820862"},"geometry":{"type":"LineString","coordinates":[[12.91587,43.908866],[12.915916,43.908926],[12.915923,43.908976],[12.915902,43.909022],[12.915796,43.909088]]}},{"type":"Feature","id":"road-2240","properties":{"id":"road-2240","highway":"cycleway","surface":"asphalt","oneway":"yes","segregated":"no","lit":"yes","foot":"designated","osm_id":"254865002"},"geometry":{"type":"LineString","coordinates":[[12.904341,43.903145],[12.904306,43.903166],[12.904307,43.903183],[12.904466,43.903429],[12.904726,43.903627],[12.904806,43.903614]]}},{"type":"Feature","id":"road-2245","properties":{"id":"road-2245","highway":"path","bicycle":"designated","segregated":"no","foot":"designated","osm_id":"255070917"},"geometry":{"type":"LineString","coordinates":[[12.931803,43.903908],[12.93393,43.902357]]}},{"type":"Feature","id":"road-2247","properties":{"id":"road-2247","highway":"cycleway","surface":"concrete","segregated":"no","lit":"no","foot":"yes","osm_id":"255070921"},"geometry":{"type":"LineString","coordinates":[[12.929534,43.90572],[12.92984,43.90556],[12.930087,43.905393]]}},{"type":"Feature","id":"road-2248","properties":{"id":"road-2248","highway":"cycleway","bicycle":"designated","segregated":"yes","lit":"yes","foot":"designated","osm_id":"255070934"},"geometry":{"type":"LineString","coordinates":[[12.930087,43.905393],[12.930485,43.905124],[12.931744,43.904209],[12.931924,43.90418],[12.932057,43.904126]]}},{"type":"Feature","id":"road-2257","properties":{"id":"road-2257","highway":"residential","name":"Via San Decenzio","cycleway":"lane","surface":"asphalt","lit":"yes","osm_id":"255311870"},"geometry":{"type":"LineString","coordinates":[[12.914008,43.905278],[12.914452,43.904823],[12.914543,43.904771]]}},{"type":"Feature","id":"road-2258","properties":{"id":"road-2258","highway":"residential","name":"Via San Decenzio","cycleway:right":"lane","surface":"asphalt","osm_id":"255311871"},"geometry":{"type":"LineString","coordinates":[[12.914543,43.904771],[12.914665,43.904733],[12.914783,43.904717],[12.914992,43.90474]]}},{"type":"Feature","id":"road-2262","properties":{"id":"road-2262","highway":"path","bicycle":"designated","surface":"paving_stones","segregated":"yes","lit":"yes","foot":"designated","osm_id":"255311875"},"geometry":{"type":"LineString","coordinates":[[12.915076,43.904231],[12.914761,43.90451]]}},{"type":"Feature","id":"road-2263","properties":{"id":"road-2263","highway":"service","bicycle":"designated","surface":"asphalt","foot":"designated","osm_id":"255311876"},"geometry":{"type":"LineString","coordinates":[[12.914543,43.904771],[12.914453,43.904737],[12.91401,43.904669]]}},{"type":"Feature","id":"road-2266","properties":{"id":"road-2266","highway":"path","bicycle":"designated","surface":"asphalt","segregated":"no","lit":"yes","foot":"designated","osm_id":"255311879"},"geometry":{"type":"LineString","coordinates":[[12.907891,43.889505],[12.907878,43.889555],[12.907906,43.889719],[12.90783,43.889878],[12.90783,43.889915],[12.908438,43.891434],[12.908456,43.89146],[12.908641,43.891579],[12.908693,43.891666],[12.908689,43.891767],[12.908613,43.891864],[12.908503,43.891939],[12.908468,43.892001],[12.908453,43.892137],[12.908465,43.892194],[12.908503,43.892242],[12.908567,43.892276],[12.908701,43.892294],[12.908778,43.892278],[12.908969,43.892156]]}},{"type":"Feature","id":"road-2271","properties":{"id":"road-2271","highway":"cycleway","surface":"paved","segregated":"yes","lit":"yes","foot":"designated","osm_id":"255311884"},"geometry":{"type":"LineString","coordinates":[[12.908722,43.893128],[12.909555,43.89439],[12.909845,43.894903],[12.909909,43.894914]]}},{"type":"Feature","id":"road-2276","properties":{"id":"road-2276","highway":"cycleway","surface":"paved","segregated":"yes","lit":"yes","foot":"designated","osm_id":"255344589"},"geometry":{"type":"LineString","coordinates":[[12.900078,43.901251],[12.899913,43.901366]]}},{"type":"Feature","id":"road-2282","properties":{"id":"road-2282","highway":"path","bicycle":"designated","surface":"concrete","segregated":"yes","foot":"designated","osm_id":"255345450"},"geometry":{"type":"LineString","coordinates":[[12.90607,43.921996],[12.906063,43.922169],[12.906143,43.92241],[12.906268,43.922364]]}},{"type":"Feature","id":"road-2288","properties":{"id":"road-2288","highway":"cycleway","bicycle":"designated","surface":"asphalt","segregated":"no","lit":"yes","foot":"designated","osm_id":"255408173"},"geometry":{"type":"LineString","coordinates":[[12.90997,43.895043],[12.909962,43.89508],[12.910321,43.895734],[12.910383,43.895769],[12.910507,43.895779]]}},{"type":"Feature","id":"road-2297","properties":{"id":"road-2297","highway":"cycleway","bicycle":"designated","segregated":"yes","lit":"yes","foot":"designated","osm_id":"255487313"},"geometry":{"type":"LineString","coordinates":[[12.92836,43.906345],[12.928554,43.906197],[12.929534,43.90572]]}},{"type":"Feature","id":"road-2302","properties":{"id":"road-2302","highway":"cycleway","surface":"paved","segregated":"yes","lit":"yes","foot":"designated","osm_id":"255861569"},"geometry":{"type":"LineString","coordinates":[[12.901786,43.901426],[12.903747,43.902939]]}},{"type":"Feature","id":"road-2303","properties":{"id":"road-2303","highway":"path","bicycle":"designated","surface":"paving_stones","segregated":"no","foot":"designated","osm_id":"255861570"},"geometry":{"type":"LineString","coordinates":[[12.903747,43.902939],[12.90396,43.902797]]}},{"type":"Feature","id":"road-2306","properties":{"id":"road-2306","highway":"cycleway","surface":"paving_stones","segregated":"no","lit":"yes","foot":"designated","osm_id":"255861574"},"geometry":{"type":"LineString","coordinates":[[12.900029,43.900025],[12.901778,43.901389],[12.901786,43.901426]]}},{"type":"Feature","id":"road-2307","properties":{"id":"road-2307","highway":"cycleway","surface":"paving_stones","segregated":"no","lit":"no","foot":"designated","osm_id":"255861576"},"geometry":{"type":"LineString","coordinates":[[12.90371,43.902964],[12.903809,43.902995],[12.903923,43.902979],[12.903988,43.902904],[12.903986,43.902848],[12.90396,43.902797]]}},{"type":"Feature","id":"road-2311","properties":{"id":"road-2311","highway":"cycleway","bicycle":"designated","surface":"asphalt","segregated":"no","foot":"designated","osm_id":"255958834"},"geometry":{"type":"LineString","coordinates":[[12.870438,43.906827],[12.870295,43.906827],[12.870145,43.906871],[12.86993,43.906906],[12.869796,43.906965]]}},{"type":"Feature","id":"road-2312","properties":{"id":"road-2312","highway":"cycleway","bicycle":"designated","surface":"asphalt","segregated":"no","lit":"yes","foot":"designated","osm_id":"255958835"},"geometry":{"type":"LineString","coordinates":[[12.869437,43.906191],[12.869534,43.906189],[12.869681,43.906141],[12.869803,43.906113],[12.869915,43.906106],[12.870141,43.906049]]}},{"type":"Feature","id":"road-2313","properties":{"id":"road-2313","highway":"cycleway","bicycle":"designated","surface":"asphalt","segregated":"no","lit":"yes","foot":"designated","osm_id":"255958837"},"geometry":{"type":"LineString","coordinates":[[12.86854,43.908318],[12.868626,43.908306],[12.86869,43.908277],[12.868738,43.908227],[12.869543,43.906842]]}},{"type":"Feature","id":"road-2314","properties":{"id":"road-2314","highway":"cycleway","bicycle":"designated","surface":"asphalt","segregated":"no","foot":"designated","osm_id":"255958841"},"geometry":{"type":"LineString","coordinates":[[12.870586,43.906645],[12.8708,43.906759],[12.870704,43.906886],[12.870438,43.906827]]}},{"type":"Feature","id":"road-2315","properties":{"id":"road-2315","highway":"cycleway","bicycle":"designated","surface":"asphalt","segregated":"no","lit":"yes","foot":"designated","osm_id":"255958842"},"geometry":{"type":"LineString","coordinates":[[12.869437,43.906191],[12.869161,43.906126],[12.869128,43.906159]]}},{"type":"Feature","id":"road-2316","properties":{"id":"road-2316","highway":"cycleway","bicycle":"designated","surface":"asphalt","segregated":"no","lit":"yes","foot":"designated","osm_id":"255958843"},"geometry":{"type":"LineString","coordinates":[[12.869543,43.906842],[12.869569,43.906782],[12.869437,43.906622],[12.869408,43.906511],[12.869311,43.906388]]}},{"type":"Feature","id":"road-2318","properties":{"id":"road-2318","highway":"cycleway","bicycle":"designated","surface":"asphalt","segregated":"no","lit":"yes","foot":"designated","osm_id":"256096719"},"geometry":{"type":"LineString","coordinates":[[12.888958,43.891802],[12.889062,43.891939],[12.889128,43.891998],[12.891229,43.893586],[12.891379,43.893587],[12.891431,43.893621],[12.893263,43.895028],[12.893306,43.895041],[12.893472,43.895018]]}},{"type":"Feature","id":"road-2319","properties":{"id":"road-2319","highway":"cycleway","surface":"asphalt","segregated":"no","foot":"designated","osm_id":"256096720"},"geometry":{"type":"LineString","coordinates":[[12.888383,43.892023],[12.888184,43.892191],[12.888101,43.892206]]}},{"type":"Feature","id":"road-2320","properties":{"id":"road-2320","highway":"cycleway","bicycle":"designated","segregated":"yes","foot":"designated","osm_id":"256096722"},"geometry":{"type":"LineString","coordinates":[[12.895781,43.89353],[12.895834,43.893492],[12.896014,43.893626],[12.896067,43.89359]]}},{"type":"Feature","id":"road-2321","properties":{"id":"road-2321","highway":"cycleway","surface":"asphalt","segregated":"no","foot":"designated","osm_id":"256096723"},"geometry":{"type":"LineString","coordinates":[[12.888776,43.89196],[12.888641,43.891931],[12.888473,43.891972],[12.888383,43.892023]]}},{"type":"Feature","id":"road-2322","properties":{"id":"road-2322","highway":"cycleway","bicycle":"designated","surface":"asphalt","segregated":"no","foot":"designated","osm_id":"256096724"},"geometry":{"type":"LineString","coordinates":[[12.888157,43.89197],[12.888122,43.891875],[12.888076,43.891845],[12.887886,43.8918]]}},{"type":"Feature","id":"road-2325","properties":{"id":"road-2325","highway":"cycleway","bicycle":"designated","surface":"asphalt","segregated":"no","lit":"yes","foot":"designated","osm_id":"256189900"},"geometry":{"type":"LineString","coordinates":[[12.883994,43.889728],[12.884051,43.889784],[12.884118,43.889804],[12.884292,43.889829],[12.88454,43.889821]]}},{"type":"Feature","id":"road-2326","properties":{"id":"road-2326","highway":"cycleway","surface":"asphalt","segregated":"no","lit":"yes","foot":"designated","osm_id":"256189901"},"geometry":{"type":"LineString","coordinates":[[12.884429,43.890381],[12.884323,43.890361],[12.88417,43.890385],[12.884078,43.890382],[12.883909,43.890335],[12.883717,43.890325]]}},{"type":"Feature","id":"road-2327","properties":{"id":"road-2327","highway":"path","bicycle":"designated","surface":"asphalt","segregated":"no","lit":"yes","foot":"designated","osm_id":"256189902"},"geometry":{"type":"LineString","coordinates":[[12.883751,43.889841],[12.883705,43.889608],[12.883994,43.889728]]}},{"type":"Feature","id":"road-2328","properties":{"id":"road-2328","highway":"cycleway","surface":"asphalt","segregated":"no","foot":"designated","osm_id":"256189906"},"geometry":{"type":"LineString","coordinates":[[12.885887,43.891359],[12.886011,43.891464],[12.886094,43.891482],[12.886522,43.891326],[12.88725,43.890983],[12.88734,43.890979],[12.887412,43.891007]]}},{"type":"Feature","id":"road-2334","properties":{"id":"road-2334","highway":"cycleway","surface":"paved","lit":"yes","osm_id":"256206211"},"geometry":{"type":"LineString","coordinates":[[12.889472,43.909746],[12.889476,43.909499],[12.889498,43.909436],[12.889561,43.909396],[12.892186,43.908836],[12.892224,43.908877]]}},{"type":"Feature","id":"road-2337","properties":{"id":"road-2337","highway":"cycleway","surface":"paved","lit":"yes","osm_id":"256206214"},"geometry":{"type":"LineString","coordinates":[[12.889467,43.910022],[12.889472,43.909746]]}},{"type":"Feature","id":"road-2340","properties":{"id":"road-2340","highway":"cycleway","surface":"paved","lit":"yes","osm_id":"256206217"},"geometry":{"type":"LineString","coordinates":[[12.889402,43.910488],[12.889402,43.91044],[12.88946,43.910429],[12.889467,43.910022]]}},{"type":"Feature","id":"road-2350","properties":{"id":"road-2350","highway":"path","bicycle":"designated","surface":"asphalt","segregated":"no","foot":"designated","osm_id":"256252603"},"geometry":{"type":"LineString","coordinates":[[12.869726,43.913297],[12.869329,43.913475]]}},{"type":"Feature","id":"road-2354","properties":{"id":"road-2354","highway":"path","bicycle":"designated","surface":"asphalt","segregated":"no","foot":"designated","osm_id":"256252609"},"geometry":{"type":"LineString","coordinates":[[12.869683,43.913109],[12.869906,43.913079],[12.870157,43.912995],[12.870754,43.912712],[12.87084,43.912738]]}},{"type":"Feature","id":"road-2355","properties":{"id":"road-2355","highway":"path","bicycle":"designated","surface":"asphalt","segregated":"no","foot":"designated","osm_id":"256252610"},"geometry":{"type":"LineString","coordinates":[[12.87084,43.912738],[12.870852,43.912793],[12.870064,43.913164],[12.869726,43.913297]]}},{"type":"Feature","id":"road-2356","properties":{"id":"road-2356","highway":"path","bicycle":"designated","surface":"asphalt","segregated":"no","foot":"designated","osm_id":"256252612"},"geometry":{"type":"LineString","coordinates":[[12.869329,43.913475],[12.869157,43.913572],[12.869002,43.913584]]}},{"type":"Feature","id":"road-2357","properties":{"id":"road-2357","highway":"path","bicycle":"designated","surface":"asphalt","segregated":"no","foot":"designated","osm_id":"256252617"},"geometry":{"type":"LineString","coordinates":[[12.869172,43.913393],[12.869017,43.913499],[12.869002,43.913584]]}},{"type":"Feature","id":"road-2359","properties":{"id":"road-2359","highway":"path","bicycle":"designated","surface":"asphalt","segregated":"no","foot":"designated","osm_id":"256252622"},"geometry":{"type":"LineString","coordinates":[[12.869261,43.913042],[12.869361,43.913068],[12.869447,43.91307],[12.869539,43.913095],[12.869683,43.913109]]}},{"type":"Feature","id":"road-2360","properties":{"id":"road-2360","highway":"path","bicycle":"designated","surface":"asphalt","segregated":"no","foot":"designated","osm_id":"256252623"},"geometry":{"type":"LineString","coordinates":[[12.869172,43.913393],[12.86915,43.913214],[12.869111,43.913148]]}},{"type":"Feature","id":"road-2361","properties":{"id":"road-2361","highway":"path","bicycle":"designated","segregated":"no","foot":"designated","osm_id":"256252624"},"geometry":{"type":"LineString","coordinates":[[12.869111,43.913148],[12.869039,43.913067],[12.868911,43.912969],[12.868905,43.912896],[12.869011,43.912903],[12.869124,43.912984],[12.869261,43.913042]]}},{"type":"Feature","id":"road-2362","properties":{"id":"road-2362","highway":"cycleway","surface":"asphalt","segregated":"no","foot":"designated","osm_id":"256253561"},"geometry":{"type":"LineString","coordinates":[[12.884806,43.893496],[12.884884,43.893654],[12.884858,43.893714]]}},{"type":"Feature","id":"road-2365","properties":{"id":"road-2365","highway":"cycleway","cycleway":"crossing","surface":"asphalt","lit":"yes","osm_id":"256255219"},"geometry":{"type":"LineString","coordinates":[[12.915796,43.909088],[12.91593,43.909192]]}},{"type":"Feature","id":"road-2366","properties":{"id":"road-2366","highway":"cycleway","bicycle":"designated","segregated":"no","foot":"designated","osm_id":"256256530"},"geometry":{"type":"LineString","coordinates":[[12.869348,43.89859],[12.869306,43.898437],[12.869152,43.898127],[12.869006,43.897945],[12.868874,43.897848],[12.868655,43.897761],[12.868305,43.897699],[12.867989,43.897696],[12.864937,43.897952],[12.864361,43.897963],[12.863895,43.897936],[12.863387,43.897842],[12.862939,43.897716],[12.862451,43.897478],[12.862032,43.897156],[12.861712,43.89681],[12.86144,43.896405],[12.861182,43.895832],[12.860687,43.894551],[12.860615,43.894424],[12.860518,43.89432],[12.860363,43.894201],[12.860187,43.894098]]}},{"type":"Feature","id":"road-2367","properties":{"id":"road-2367","highway":"path","bicycle":"designated","surface":"asphalt","smoothness":"good","segregated":"no","lit":"no","foot":"designated","osm_id":"256256531"},"geometry":{"type":"LineString","coordinates":[[12.871567,43.903322],[12.871434,43.903303],[12.87131,43.903334],[12.870256,43.903895],[12.870126,43.903949],[12.869871,43.904017]]}},{"type":"Feature","id":"road-2368","properties":{"id":"road-2368","highway":"cycleway","surface":"asphalt","segregated":"no","lit":"yes","foot":"designated","osm_id":"256259781"},"geometry":{"type":"LineString","coordinates":[[12.875522,43.907473],[12.875461,43.907554],[12.875327,43.908086],[12.875282,43.908194]]}},{"type":"Feature","id":"road-2403","properties":{"id":"road-2403","highway":"cycleway","bicycle":"designated","surface":"sett","segregated":"yes","lit":"yes","foot":"designated","osm_id":"258411444"},"geometry":{"type":"LineString","coordinates":[[12.908358,43.906458],[12.908415,43.906496],[12.908513,43.906517],[12.909499,43.906515]]}},{"type":"Feature","id":"road-2405","properties":{"id":"road-2405","highway":"path","bicycle":"designated","segregated":"no","foot":"designated","osm_id":"258413571"},"geometry":{"type":"LineString","coordinates":[[12.860187,43.894098],[12.860074,43.894048],[12.859936,43.894023],[12.859526,43.894011],[12.859339,43.89404],[12.859126,43.894103],[12.858916,43.894199],[12.858743,43.894328],[12.858207,43.894854],[12.857375,43.895715],[12.85721,43.896109]]}},{"type":"Feature","id":"road-2409","properties":{"id":"road-2409","highway":"path","bicycle":"designated","surface":"asphalt","segregated":"no","lit":"yes","foot":"designated","osm_id":"258470919"},"geometry":{"type":"LineString","coordinates":[[12.913906,43.901863],[12.91394,43.901941],[12.914002,43.901982],[12.914055,43.902044],[12.914073,43.902113],[12.914146,43.902172]]}},{"type":"Feature","id":"road-2410","properties":{"id":"road-2410","highway":"path","bicycle":"designated","surface":"asphalt","segregated":"no","lit":"yes","foot":"designated","osm_id":"258470920"},"geometry":{"type":"LineString","coordinates":[[12.914146,43.902172],[12.914206,43.902168],[12.914671,43.901773]]}},{"type":"Feature","id":"road-2411","properties":{"id":"road-2411","highway":"path","bicycle":"designated","surface":"asphalt","segregated":"no","lit":"yes","foot":"designated","osm_id":"258470922"},"geometry":{"type":"LineString","coordinates":[[12.913734,43.901854],[12.913745,43.901727],[12.913644,43.901493],[12.91352,43.901296],[12.913488,43.90128],[12.91345,43.901282],[12.913413,43.901303]]}},{"type":"Feature","id":"road-2420","properties":{"id":"road-2420","highway":"cycleway","bicycle":"designated","surface":"asphalt","segregated":"no","foot":"designated","osm_id":"258506415"},"geometry":{"type":"LineString","coordinates":[[12.899298,43.890096],[12.899222,43.890057],[12.89923,43.890008],[12.899295,43.889891],[12.899447,43.88947]]}},{"type":"Feature","id":"road-2421","properties":{"id":"road-2421","highway":"cycleway","bicycle":"designated","surface":"asphalt","segregated":"no","lit":"yes","foot":"designated","osm_id":"258506420"},"geometry":{"type":"LineString","coordinates":[[12.900711,43.889498],[12.900501,43.889515],[12.900419,43.889537],[12.900254,43.889612],[12.899973,43.889704],[12.899724,43.88987],[12.899469,43.889999],[12.899375,43.890104]]}},{"type":"Feature","id":"road-2435","properties":{"id":"road-2435","highway":"cycleway","bicycle":"designated","surface":"paving_stones","segregated":"no","lit":"yes","foot":"designated","osm_id":"261878785"},"geometry":{"type":"LineString","coordinates":[[12.892812,43.895632],[12.89327,43.895307]]}},{"type":"Feature","id":"road-2436","properties":{"id":"road-2436","highway":"path","bicycle":"designated","surface":"asphalt","segregated":"no","lit":"yes","foot":"designated","osm_id":"261878786"},"geometry":{"type":"LineString","coordinates":[[12.904715,43.90391],[12.905995,43.904896]]}},{"type":"Feature","id":"road-2484","properties":{"id":"road-2484","highway":"cycleway","name":"Via Gradara","surface":"paved","oneway":"yes","lit":"yes","width":"1","osm_id":"266627842"},"geometry":{"type":"LineString","coordinates":[[12.891677,43.904462],[12.892354,43.90492],[12.894043,43.905947],[12.894509,43.906268],[12.894628,43.906333]]}},{"type":"Feature","id":"road-2487","properties":{"id":"road-2487","highway":"cycleway","name":"Via Milano","bicycle":"designated","surface":"paved","segregated":"no","lit":"yes","foot":"designated","osm_id":"266627846"},"geometry":{"type":"LineString","coordinates":[[12.894324,43.908514],[12.893906,43.908029],[12.893855,43.908016]]}},{"type":"Feature","id":"road-2488","properties":{"id":"road-2488","highway":"path","bicycle":"designated","surface":"paved","segregated":"no","lit":"yes","foot":"designated","osm_id":"266627847"},"geometry":{"type":"LineString","coordinates":[[12.890027,43.905323],[12.889926,43.90531],[12.889732,43.90538],[12.889335,43.905669],[12.889093,43.905818],[12.888367,43.906204]]}},{"type":"Feature","id":"road-2489","properties":{"id":"road-2489","highway":"path","bicycle":"designated","surface":"paved","segregated":"no","lit":"yes","width":"2.5","foot":"designated","osm_id":"266627848"},"geometry":{"type":"LineString","coordinates":[[12.896336,43.907946],[12.896125,43.907973]]}},{"type":"Feature","id":"road-2490","properties":{"id":"road-2490","highway":"path","bicycle":"designated","surface":"paved","segregated":"no","lit":"yes","width":"2.5","foot":"designated","osm_id":"266627849"},"geometry":{"type":"LineString","coordinates":[[12.896918,43.90782],[12.896336,43.907946]]}},{"type":"Feature","id":"road-2491","properties":{"id":"road-2491","highway":"cycleway","bicycle":"designated","surface":"paved","segregated":"no","lit":"yes","width":"2.5","foot":"designated","osm_id":"266627851"},"geometry":{"type":"LineString","coordinates":[[12.89441,43.908478],[12.894585,43.908436],[12.894549,43.90835]]}},{"type":"Feature","id":"road-2515","properties":{"id":"road-2515","highway":"cycleway","name":"Pista ciclopedonale Umberto Cardinali","bicycle":"designated","surface":"paved","segregated":"no","lit":"no","foot":"designated","osm_id":"284213725"},"geometry":{"type":"LineString","coordinates":[[12.896255,43.907207],[12.896169,43.907167],[12.892134,43.904716],[12.891718,43.904415],[12.891377,43.904018],[12.891243,43.903912],[12.891049,43.90382],[12.890916,43.903706],[12.890848,43.903673]]}},{"type":"Feature","id":"road-2564","properties":{"id":"road-2564","highway":"path","bicycle":"yes","surface":"asphalt","lit":"yes","foot":"designated","osm_id":"292724005"},"geometry":{"type":"LineString","coordinates":[[12.870824,43.905753],[12.870496,43.905625]]}},{"type":"Feature","id":"road-2577","properties":{"id":"road-2577","highway":"path","bicycle":"yes","surface":"asphalt","lit":"yes","foot":"designated","osm_id":"292724022"},"geometry":{"type":"LineString","coordinates":[[12.870496,43.905625],[12.870333,43.905586],[12.869878,43.905408]]}},{"type":"Feature","id":"road-2594","properties":{"id":"road-2594","highway":"residential","name":"Via Grado","bicycle":"yes","surface":"asphalt","maxspeed":"30","oneway":"no","foot":"yes","osm_id":"312554782"},"geometry":{"type":"LineString","coordinates":[[12.907745,43.917723],[12.908549,43.918332]]}},{"type":"Feature","id":"road-2595","properties":{"id":"road-2595","highway":"service","bicycle":"yes","access":"private","foot":"yes","osm_id":"312555303"},"geometry":{"type":"LineString","coordinates":[[12.908156,43.918035],[12.908247,43.917967]]}},{"type":"Feature","id":"road-2600","properties":{"id":"road-2600","highway":"path","bicycle":"yes","surface":"ground","osm_id":"323458113"},"geometry":{"type":"LineString","coordinates":[[12.950021,43.882888],[12.950129,43.882917],[12.9504,43.882935],[12.950946,43.882902],[12.95102,43.882885],[12.951076,43.882842],[12.951148,43.882737],[12.951199,43.882725],[12.951443,43.882758],[12.951841,43.88289],[12.95196,43.882909],[12.952047,43.882947]]}},{"type":"Feature","id":"road-2601","properties":{"id":"road-2601","highway":"path","bicycle":"yes","surface":"ground","osm_id":"323458114"},"geometry":{"type":"LineString","coordinates":[[12.953486,43.882938],[12.953884,43.882622],[12.954061,43.882449],[12.954519,43.881925],[12.954593,43.881858],[12.954692,43.881822],[12.954744,43.881826],[12.955653,43.882177]]}},{"type":"Feature","id":"road-2638","properties":{"id":"road-2638","highway":"track","bicycle":"yes","osm_id":"325321051"},"geometry":{"type":"LineString","coordinates":[[12.851397,43.896201],[12.851538,43.896334],[12.852127,43.896813],[12.853049,43.897629],[12.853271,43.897877],[12.853338,43.897915],[12.853449,43.897935]]}},{"type":"Feature","id":"road-2640","properties":{"id":"road-2640","highway":"path","bicycle":"yes","osm_id":"325321055"},"geometry":{"type":"LineString","coordinates":[[12.852202,43.895833],[12.851397,43.896201]]}},{"type":"Feature","id":"road-2641","properties":{"id":"road-2641","highway":"path","bicycle":"yes","osm_id":"325321057"},"geometry":{"type":"LineString","coordinates":[[12.851979,43.894999],[12.851979,43.895162],[12.852042,43.895477],[12.852202,43.895833]]}},{"type":"Feature","id":"road-2654","properties":{"id":"road-2654","highway":"path","bicycle":"yes","surface":"ground","osm_id":"328430413"},"geometry":{"type":"LineString","coordinates":[[12.869781,43.930563],[12.869894,43.930547],[12.870114,43.930374],[12.870288,43.930167],[12.87038,43.929994],[12.87042,43.929957],[12.870796,43.929795],[12.871417,43.929607],[12.871711,43.929472],[12.87185,43.929317],[12.871949,43.929266],[12.872118,43.929203],[12.872382,43.929137],[12.872662,43.929018],[12.872853,43.928916],[12.873195,43.92879],[12.873544,43.928604],[12.873647,43.928594]]}},{"type":"Feature","id":"road-2673","properties":{"id":"road-2673","highway":"cycleway","surface":"paving_stones","segregated":"no","lit":"yes","foot":"designated","osm_id":"355148730"},"geometry":{"type":"LineString","coordinates":[[12.904491,43.90374],[12.904093,43.903443],[12.904032,43.903412],[12.903865,43.903379],[12.903785,43.903346],[12.903732,43.903295],[12.9037,43.903224],[12.903643,43.903157],[12.903537,43.90308]]}},{"type":"Feature","id":"road-2681","properties":{"id":"road-2681","highway":"primary","name":"Via Santa Maria Fabbrecce","cycleway":"lane","surface":"asphalt","osm_id":"355152678"},"geometry":{"type":"LineString","coordinates":[[12.877238,43.910623],[12.877575,43.910645],[12.878001,43.91065]]}},{"type":"Feature","id":"road-2686","properties":{"id":"road-2686","highway":"cycleway","surface":"asphalt","segregated":"no","foot":"designated","osm_id":"355156689"},"geometry":{"type":"LineString","coordinates":[[12.906439,43.906305],[12.906464,43.906222],[12.906526,43.906183],[12.906921,43.906086],[12.907039,43.906034],[12.907392,43.905975]]}},{"type":"Feature","id":"road-2705","properties":{"id":"road-2705","highway":"primary","name":"Strada Adriatica","cycleway":"lane","surface":"asphalt","lit":"yes","osm_id":"358564898"},"geometry":{"type":"LineString","coordinates":[[12.880433,43.910721],[12.881178,43.910795],[12.881552,43.91086],[12.882434,43.910891],[12.883187,43.910843],[12.886308,43.910392],[12.886905,43.910368],[12.887509,43.910372],[12.888666,43.910457],[12.889402,43.910488]]}},{"type":"Feature","id":"road-2716","properties":{"id":"road-2716","highway":"path","bicycle":"yes","surface":"earth","foot":"yes","osm_id":"358974354"},"geometry":{"type":"LineString","coordinates":[[12.948023,43.878751],[12.947985,43.878815],[12.947934,43.878845],[12.946942,43.87901],[12.946733,43.879081],[12.94658,43.87916],[12.946649,43.879264],[12.946531,43.879339],[12.946505,43.8794],[12.946526,43.879515],[12.946824,43.880186],[12.946946,43.880566]]}},{"type":"Feature","id":"road-2767","properties":{"id":"road-2767","highway":"cycleway","bicycle":"designated","surface":"asphalt","smoothness":"good","segregated":"no","lit":"yes","width":"2.5","foot":"designated","osm_id":"363045378"},"geometry":{"type":"LineString","coordinates":[[12.902959,43.91617],[12.902832,43.916137],[12.902759,43.916022],[12.90275,43.91582],[12.902793,43.915743],[12.902739,43.914305],[12.902562,43.913124],[12.902496,43.912876],[12.902413,43.91271],[12.902245,43.912467]]}},{"type":"Feature","id":"road-2925","properties":{"id":"road-2925","highway":"track","bicycle":"designated","surface":"compacted","segregated":"no","foot":"designated","osm_id":"431546109"},"geometry":{"type":"LineString","coordinates":[[12.898473,43.905478],[12.8976,43.904814]]}},{"type":"Feature","id":"road-2926","properties":{"id":"road-2926","highway":"cycleway","surface":"paved","segregated":"no","lit":"yes","foot":"designated","osm_id":"431546110"},"geometry":{"type":"LineString","coordinates":[[12.898006,43.90267],[12.896472,43.903739]]}},{"type":"Feature","id":"road-2950","properties":{"id":"road-2950","highway":"path","bicycle":"designated","surface":"paved","segregated":"yes","foot":"designated","osm_id":"436089161"},"geometry":{"type":"LineString","coordinates":[[12.909028,43.896151],[12.908924,43.896167]]}},{"type":"Feature","id":"road-2953","properties":{"id":"road-2953","highway":"path","bicycle":"yes","foot":"designated","osm_id":"436715168"},"geometry":{"type":"LineString","coordinates":[[12.973137,43.873515],[12.973152,43.873553]]}},{"type":"Feature","id":"road-2956","properties":{"id":"road-2956","highway":"path","bicycle":"yes","foot":"designated","osm_id":"436715179"},"geometry":{"type":"LineString","coordinates":[[12.969594,43.875847],[12.969628,43.875873]]}},{"type":"Feature","id":"road-2958","properties":{"id":"road-2958","highway":"path","bicycle":"yes","foot":"designated","osm_id":"436715182"},"geometry":{"type":"LineString","coordinates":[[12.972878,43.873686],[12.972921,43.873706]]}},{"type":"Feature","id":"road-2983","properties":{"id":"road-2983","highway":"cycleway","surface":"asphalt","segregated":"yes","lit":"no","width":"3","foot":"designated","osm_id":"437038512"},"geometry":{"type":"LineString","coordinates":[[12.896182,43.921733],[12.896838,43.921555],[12.896946,43.921545],[12.898592,43.921698],[12.898677,43.921731]]}},{"type":"Feature","id":"road-2984","properties":{"id":"road-2984","highway":"path","bicycle":"yes","surface":"paved","smoothness":"good","lit":"yes","width":"4","foot":"designated","osm_id":"437038516"},"geometry":{"type":"LineString","coordinates":[[12.898432,43.921683],[12.898539,43.921599]]}},{"type":"Feature","id":"road-2986","properties":{"id":"road-2986","highway":"cycleway","surface":"asphalt","smoothness":"excellent","lit":"yes","width":"2","foot":"no","osm_id":"437038519"},"geometry":{"type":"LineString","coordinates":[[12.901239,43.922517],[12.901189,43.922529],[12.899225,43.922087],[12.898677,43.921731]]}},{"type":"Feature","id":"road-3091","properties":{"id":"road-3091","highway":"cycleway","bicycle":"designated","surface":"asphalt","smoothness":"good","segregated":"no","lit":"no","width":"3.5","foot":"designated","osm_id":"516834310"},"geometry":{"type":"LineString","coordinates":[[12.876988,43.888929],[12.87713,43.889068],[12.878146,43.889691],[12.878632,43.889934],[12.879587,43.890551],[12.879711,43.890654],[12.879785,43.890779],[12.879776,43.89089],[12.879587,43.891316],[12.879625,43.891363]]}},{"type":"Feature","id":"road-3092","properties":{"id":"road-3092","highway":"cycleway","bicycle":"designated","surface":"asphalt","segregated":"no","foot":"designated","osm_id":"516834311"},"geometry":{"type":"LineString","coordinates":[[12.880903,43.890963],[12.883604,43.890107]]}},{"type":"Feature","id":"road-3093","properties":{"id":"road-3093","highway":"cycleway","surface":"asphalt","segregated":"no","foot":"designated","osm_id":"516834314"},"geometry":{"type":"LineString","coordinates":[[12.887939,43.89129],[12.887857,43.891192],[12.887758,43.891108],[12.887562,43.890977],[12.887481,43.890978],[12.887412,43.891007]]}},{"type":"Feature","id":"road-3094","properties":{"id":"road-3094","highway":"cycleway","surface":"asphalt","segregated":"no","foot":"designated","osm_id":"516834315"},"geometry":{"type":"LineString","coordinates":[[12.887601,43.890778],[12.887583,43.890824],[12.887901,43.891052],[12.888131,43.891156]]}},{"type":"Feature","id":"road-3095","properties":{"id":"road-3095","highway":"cycleway","surface":"asphalt","segregated":"no","foot":"designated","osm_id":"516834316"},"geometry":{"type":"LineString","coordinates":[[12.88454,43.889821],[12.885071,43.889792],[12.885349,43.88979],[12.885637,43.889812],[12.885963,43.889889],[12.886328,43.890026],[12.886607,43.890156],[12.886994,43.890402]]}},{"type":"Feature","id":"road-3105","properties":{"id":"road-3105","highway":"cycleway","bicycle":"designated","surface":"asphalt","segregated":"no","lit":"yes","foot":"designated","osm_id":"516855617"},"geometry":{"type":"LineString","coordinates":[[12.89351,43.894991],[12.893614,43.895068]]}},{"type":"Feature","id":"road-3109","properties":{"id":"road-3109","highway":"cycleway","bicycle":"designated","surface":"asphalt","segregated":"no","foot":"designated","osm_id":"516880446"},"geometry":{"type":"LineString","coordinates":[[12.894872,43.896258],[12.894982,43.896162],[12.895058,43.89603]]}},{"type":"Feature","id":"road-3110","properties":{"id":"road-3110","highway":"cycleway","bicycle":"designated","surface":"asphalt","segregated":"no","lit":"yes","foot":"designated","osm_id":"516880451"},"geometry":{"type":"LineString","coordinates":[[12.896616,43.894221],[12.896568,43.894187]]}},{"type":"Feature","id":"road-3111","properties":{"id":"road-3111","highway":"cycleway","bicycle":"designated","surface":"paved","smoothness":"good","oneway":"yes","segregated":"yes","lit":"yes","width":"4","foot":"designated","osm_id":"516880452"},"geometry":{"type":"LineString","coordinates":[[12.897839,43.895189],[12.897796,43.895087],[12.89683,43.894379]]}},{"type":"Feature","id":"road-3112","properties":{"id":"road-3112","highway":"cycleway","bicycle":"designated","surface":"paved","smoothness":"good","oneway":"yes","segregated":"yes","lit":"yes","width":"4","foot":"designated","osm_id":"516880453"},"geometry":{"type":"LineString","coordinates":[[12.896938,43.894304],[12.897994,43.895069]]}},{"type":"Feature","id":"road-3113","properties":{"id":"road-3113","highway":"cycleway","bicycle":"designated","surface":"asphalt","smoothness":"good","segregated":"no","lit":"yes","width":"3","foot":"designated","osm_id":"516880456"},"geometry":{"type":"LineString","coordinates":[[12.89777,43.895412],[12.897804,43.895371],[12.897839,43.895189]]}},{"type":"Feature","id":"road-3114","properties":{"id":"road-3114","highway":"cycleway","bicycle":"designated","surface":"asphalt","smoothness":"good","oneway":"yes","lit":"yes","foot":"no","osm_id":"516880457"},"geometry":{"type":"LineString","coordinates":[[12.89683,43.894379],[12.896685,43.894332],[12.896636,43.894296],[12.896616,43.894221]]}},{"type":"Feature","id":"road-3115","properties":{"id":"road-3115","highway":"cycleway","surface":"paved","segregated":"yes","lit":"yes","foot":"designated","osm_id":"516880459"},"geometry":{"type":"LineString","coordinates":[[12.89608,43.896566],[12.896135,43.896547],[12.896414,43.896353],[12.896443,43.896311],[12.896442,43.896267]]}},{"type":"Feature","id":"road-3120","properties":{"id":"road-3120","highway":"path","bicycle":"designated","surface":"asphalt","segregated":"no","lit":"yes","foot":"designated","osm_id":"517112017"},"geometry":{"type":"LineString","coordinates":[[12.898322,43.895504],[12.898267,43.895479],[12.898185,43.895468],[12.898095,43.895483],[12.897967,43.895551]]}},{"type":"Feature","id":"road-3121","properties":{"id":"road-3121","highway":"path","bicycle":"designated","surface":"asphalt","smoothness":"good","segregated":"no","lit":"yes","width":"3","foot":"designated","osm_id":"517112020"},"geometry":{"type":"LineString","coordinates":[[12.898494,43.895178],[12.898427,43.895254],[12.898413,43.895297],[12.898413,43.895347],[12.898452,43.895415]]}},{"type":"Feature","id":"road-3122","properties":{"id":"road-3122","highway":"cycleway","bicycle":"designated","surface":"asphalt","segregated":"no","lit":"yes","foot":"designated","osm_id":"517113574"},"geometry":{"type":"LineString","coordinates":[[12.894872,43.896258],[12.895151,43.896442],[12.895329,43.896522],[12.895469,43.896567]]}},{"type":"Feature","id":"road-3123","properties":{"id":"road-3123","highway":"cycleway","bicycle":"designated","surface":"asphalt","segregated":"no","lit":"yes","foot":"designated","osm_id":"517113575"},"geometry":{"type":"LineString","coordinates":[[12.895469,43.896567],[12.896007,43.896581],[12.89608,43.896566]]}},{"type":"Feature","id":"road-3124","properties":{"id":"road-3124","highway":"cycleway","bicycle":"designated","surface":"paved","smoothness":"good","segregated":"yes","lit":"yes","width":"4","foot":"designated","osm_id":"517113576"},"geometry":{"type":"LineString","coordinates":[[12.896722,43.894146],[12.896938,43.894304]]}},{"type":"Feature","id":"road-3125","properties":{"id":"road-3125","highway":"cycleway","bicycle":"designated","surface":"asphalt","segregated":"no","lit":"yes","foot":"designated","osm_id":"517113577"},"geometry":{"type":"LineString","coordinates":[[12.896022,43.89708],[12.896008,43.896987],[12.896028,43.89688],[12.896065,43.896841],[12.896218,43.896768]]}},{"type":"Feature","id":"road-3135","properties":{"id":"road-3135","highway":"track","bicycle":"yes","osm_id":"528220424"},"geometry":{"type":"LineString","coordinates":[[12.953365,43.883131],[12.953397,43.883057],[12.953486,43.882938]]}},{"type":"Feature","id":"road-3154","properties":{"id":"road-3154","highway":"cycleway","surface":"asphalt","lit":"yes","foot":"no","osm_id":"533061491"},"geometry":{"type":"LineString","coordinates":[[12.904093,43.913447],[12.903684,43.913337],[12.903652,43.913311],[12.903649,43.91328]]}},{"type":"Feature","id":"road-3156","properties":{"id":"road-3156","highway":"cycleway","surface":"asphalt","segregated":"no","lit":"yes","foot":"designated","osm_id":"533061493"},"geometry":{"type":"LineString","coordinates":[[12.903201,43.911692],[12.903211,43.911564],[12.903369,43.91133],[12.903764,43.910932],[12.903876,43.910883]]}},{"type":"Feature","id":"road-3192","properties":{"id":"road-3192","highway":"cycleway","name":"Via Milano","bicycle":"designated","surface":"paved","segregated":"no","lit":"yes","foot":"designated","osm_id":"539876467"},"geometry":{"type":"LineString","coordinates":[[12.893855,43.908016],[12.893762,43.907917],[12.893762,43.907884],[12.893507,43.907611],[12.893166,43.907283],[12.892578,43.906848]]}},{"type":"Feature","id":"road-3195","properties":{"id":"road-3195","highway":"cycleway","surface":"paved","segregated":"no","lit":"yes","foot":"designated","osm_id":"539911487"},"geometry":{"type":"LineString","coordinates":[[12.899913,43.901366],[12.899676,43.901531],[12.899562,43.901565],[12.898436,43.90235],[12.898412,43.902387],[12.898132,43.902583]]}},{"type":"Feature","id":"road-3205","properties":{"id":"road-3205","highway":"cycleway","bicycle":"designated","surface":"asphalt","segregated":"no","foot":"designated","osm_id":"540032576"},"geometry":{"type":"LineString","coordinates":[[12.868745,43.908671],[12.868845,43.908706],[12.869056,43.908701],[12.869322,43.908793]]}},{"type":"Feature","id":"road-3212","properties":{"id":"road-3212","highway":"cycleway","surface":"asphalt","oneway":"yes","lit":"yes","osm_id":"545118022"},"geometry":{"type":"LineString","coordinates":[[12.915709,43.912122],[12.915514,43.91209],[12.915403,43.912044],[12.915341,43.912008],[12.915212,43.911858],[12.91514,43.911836]]}},{"type":"Feature","id":"road-3213","properties":{"id":"road-3213","highway":"cycleway","cycleway":"crossing","surface":"asphalt","oneway":"yes","lit":"yes","osm_id":"545118023"},"geometry":{"type":"LineString","coordinates":[[12.917183,43.913271],[12.917075,43.913192]]}},{"type":"Feature","id":"road-3214","properties":{"id":"road-3214","highway":"cycleway","surface":"asphalt","oneway":"yes","lit":"yes","osm_id":"545118024"},"geometry":{"type":"LineString","coordinates":[[12.917291,43.913193],[12.918015,43.913718]]}},{"type":"Feature","id":"road-3235","properties":{"id":"road-3235","highway":"path","bicycle":"designated","surface":"paved","segregated":"no","lit":"yes","width":"2.5","foot":"designated","osm_id":"557937621"},"geometry":{"type":"LineString","coordinates":[[12.894549,43.90835],[12.895158,43.908223],[12.896125,43.907973]]}},{"type":"Feature","id":"road-3237","properties":{"id":"road-3237","highway":"tertiary","name":"Via Decio Raggi","cycleway:right":"lane","surface":"asphalt","oneway":"yes","osm_id":"582932822"},"geometry":{"type":"LineString","coordinates":[[12.918854,43.906425],[12.918827,43.906437]]}},{"type":"Feature","id":"road-3239","properties":{"id":"road-3239","highway":"path","bicycle":"designated","surface":"asphalt","segregated":"no","lit":"yes","foot":"designated","osm_id":"582932826"},"geometry":{"type":"LineString","coordinates":[[12.920176,43.90584],[12.920057,43.905766]]}},{"type":"Feature","id":"road-3240","properties":{"id":"road-3240","highway":"cycleway","bicycle":"designated","segregated":"yes","foot":"designated","osm_id":"582932828"},"geometry":{"type":"LineString","coordinates":[[12.927948,43.906212],[12.927927,43.90618]]}},{"type":"Feature","id":"road-3241","properties":{"id":"road-3241","highway":"cycleway","bicycle":"designated","segregated":"yes","foot":"designated","osm_id":"582932829"},"geometry":{"type":"LineString","coordinates":[[12.928037,43.906344],[12.927948,43.906212]]}},{"type":"Feature","id":"road-3248","properties":{"id":"road-3248","highway":"cycleway","bicycle":"designated","surface":"asphalt","smoothness":"good","segregated":"no","lit":"no","width":"2.5","foot":"designated","osm_id":"582937444"},"geometry":{"type":"LineString","coordinates":[[12.879625,43.891363],[12.880903,43.890963]]}},{"type":"Feature","id":"road-3250","properties":{"id":"road-3250","highway":"cycleway","bicycle":"designated","surface":"asphalt","smoothness":"good","segregated":"no","lit":"yes","width":"3","foot":"designated","osm_id":"583154739"},"geometry":{"type":"LineString","coordinates":[[12.897994,43.895069],[12.898142,43.895102],[12.898202,43.89509],[12.898285,43.895047]]}},{"type":"Feature","id":"road-3351","properties":{"id":"road-3351","highway":"path","bicycle":"designated","surface":"sett","segregated":"no","lit":"yes","foot":"designated","osm_id":"666366593"},"geometry":{"type":"LineString","coordinates":[[12.904224,43.910758],[12.904305,43.910783]]}},{"type":"Feature","id":"road-3406","properties":{"id":"road-3406","highway":"cycleway","surface":"asphalt","oneway":"no","lit":"yes","width":"1.5","osm_id":"679908839"},"geometry":{"type":"LineString","coordinates":[[12.902999,43.916169],[12.903818,43.91615]]}},{"type":"Feature","id":"road-3493","properties":{"id":"road-3493","highway":"path","bicycle":"designated","surface":"paving_stones","oneway":"yes","segregated":"no","foot":"designated","osm_id":"700005425"},"geometry":{"type":"LineString","coordinates":[[12.87888,43.910649],[12.878953,43.910601],[12.879782,43.910617],[12.880378,43.910666],[12.880433,43.910721]]}},{"type":"Feature","id":"road-3494","properties":{"id":"road-3494","highway":"primary","name":"Strada Adriatica","cycleway:left":"lane","surface":"asphalt","osm_id":"700005426"},"geometry":{"type":"LineString","coordinates":[[12.87888,43.910649],[12.879777,43.910666],[12.880433,43.910721]]}},{"type":"Feature","id":"road-3495","properties":{"id":"road-3495","highway":"primary","name":"Strada Adriatica","cycleway":"lane","surface":"asphalt","osm_id":"700005427"},"geometry":{"type":"LineString","coordinates":[[12.878001,43.91065],[12.878285,43.910638],[12.87888,43.910649]]}},{"type":"Feature","id":"road-3500","properties":{"id":"road-3500","highway":"cycleway","surface":"asphalt","lit":"yes","width":"2","osm_id":"711124561"},"geometry":{"type":"LineString","coordinates":[[12.917907,43.913792],[12.918015,43.913718]]}},{"type":"Feature","id":"road-3501","properties":{"id":"road-3501","highway":"cycleway","surface":"asphalt","lit":"yes","width":"2","osm_id":"711124562"},"geometry":{"type":"LineString","coordinates":[[12.907687,43.921078],[12.907786,43.921067],[12.917907,43.913792]]}},{"type":"Feature","id":"road-3616","properties":{"id":"road-3616","highway":"cycleway","cycleway":"crossing","surface":"asphalt","segregated":"yes","lit":"yes","foot":"designated","osm_id":"815929694"},"geometry":{"type":"LineString","coordinates":[[12.917454,43.904947],[12.917648,43.904916]]}},{"type":"Feature","id":"road-3634","properties":{"id":"road-3634","highway":"cycleway","bicycle":"designated","surface":"asphalt","segregated":"no","lit":"yes","foot":"designated","osm_id":"817573411"},"geometry":{"type":"LineString","coordinates":[[12.898285,43.895047],[12.898426,43.894879],[12.898472,43.894726],[12.898572,43.893807],[12.898738,43.893541],[12.898875,43.893413],[12.899042,43.893293],[12.89927,43.893168]]}},{"type":"Feature","id":"road-3635","properties":{"id":"road-3635","highway":"cycleway","cycleway":"crossing","surface":"asphalt","segregated":"yes","foot":"designated","osm_id":"817629089"},"geometry":{"type":"LineString","coordinates":[[12.863396,43.913508],[12.863361,43.913483]]}},{"type":"Feature","id":"road-3636","properties":{"id":"road-3636","highway":"cycleway","surface":"asphalt","segregated":"yes","foot":"designated","osm_id":"817629091"},"geometry":{"type":"LineString","coordinates":[[12.861849,43.914981],[12.861166,43.915401],[12.861073,43.915486],[12.86101,43.915578],[12.860823,43.915963],[12.860701,43.916062],[12.860538,43.916148]]}},{"type":"Feature","id":"road-3637","properties":{"id":"road-3637","highway":"cycleway","surface":"asphalt","segregated":"yes","foot":"designated","osm_id":"817629092"},"geometry":{"type":"LineString","coordinates":[[12.863064,43.913607],[12.862681,43.913805],[12.862527,43.913935],[12.862472,43.914025]]}},{"type":"Feature","id":"road-3639","properties":{"id":"road-3639","highway":"path","bicycle":"designated","surface":"sett","segregated":"no","lit":"yes","foot":"designated","osm_id":"817653470"},"geometry":{"type":"LineString","coordinates":[[12.909008,43.907157],[12.909604,43.907592]]}},{"type":"Feature","id":"road-3640","properties":{"id":"road-3640","highway":"path","bicycle":"designated","surface":"sett","segregated":"no","foot":"designated","osm_id":"817684411"},"geometry":{"type":"LineString","coordinates":[[12.8938,43.896029],[12.893874,43.896045]]}},{"type":"Feature","id":"road-3650","properties":{"id":"road-3650","highway":"cycleway","bicycle":"designated","surface":"asphalt","segregated":"no","lit":"yes","foot":"designated","osm_id":"817955735"},"geometry":{"type":"LineString","coordinates":[[12.908465,43.8932],[12.908637,43.893504],[12.908625,43.893525],[12.908485,43.893547]]}},{"type":"Feature","id":"road-3651","properties":{"id":"road-3651","highway":"cycleway","bicycle":"designated","surface":"asphalt","segregated":"no","foot":"designated","osm_id":"817955736"},"geometry":{"type":"LineString","coordinates":[[12.907673,43.891873],[12.90771,43.891867],[12.908465,43.8932]]}},{"type":"Feature","id":"road-3661","properties":{"id":"road-3661","highway":"path","bicycle":"designated","surface":"paved","segregated":"no","foot":"designated","osm_id":"825050766"},"geometry":{"type":"LineString","coordinates":[[12.908024,43.88943],[12.907971,43.889431],[12.907891,43.889505]]}},{"type":"Feature","id":"road-3662","properties":{"id":"road-3662","highway":"path","bicycle":"designated","surface":"asphalt","segregated":"no","foot":"designated","osm_id":"825050770"},"geometry":{"type":"LineString","coordinates":[[12.907742,43.889429],[12.907891,43.889505]]}},{"type":"Feature","id":"road-3663","properties":{"id":"road-3663","highway":"residential","bicycle":"yes","surface":"asphalt","oneway":"yes","access":"no","foot":"yes","osm_id":"825050771"},"geometry":{"type":"LineString","coordinates":[[12.908264,43.890071],[12.908426,43.889914],[12.909192,43.890323],[12.908719,43.890784],[12.908364,43.890594]]}},{"type":"Feature","id":"road-3666","properties":{"id":"road-3666","highway":"path","bicycle":"designated","surface":"asphalt","segregated":"no","foot":"designated","osm_id":"825050775"},"geometry":{"type":"LineString","coordinates":[[12.907742,43.889429],[12.908,43.889175],[12.907995,43.88914],[12.907921,43.8891]]}},{"type":"Feature","id":"road-3670","properties":{"id":"road-3670","highway":"path","bicycle":"designated","surface":"asphalt","segregated":"no","foot":"designated","osm_id":"825050780"},"geometry":{"type":"LineString","coordinates":[[12.90951,43.887679],[12.909355,43.887621],[12.908974,43.887563],[12.908891,43.887566],[12.908373,43.887674],[12.90764,43.888144],[12.907612,43.888176],[12.907488,43.888541],[12.907501,43.889064],[12.907601,43.88935],[12.907742,43.889429]]}},{"type":"Feature","id":"road-3750","properties":{"id":"road-3750","highway":"cycleway","bicycle":"designated","surface":"asphalt","segregated":"yes","lit":"yes","foot":"designated","osm_id":"851548967"},"geometry":{"type":"LineString","coordinates":[[12.893614,43.895068],[12.893689,43.895116],[12.893637,43.895161],[12.893624,43.895205],[12.893654,43.895285],[12.893713,43.895322],[12.893941,43.895393],[12.894195,43.895574],[12.894434,43.895605],[12.895058,43.89603]]}},{"type":"Feature","id":"road-3751","properties":{"id":"road-3751","highway":"cycleway","name":"Pista ciclopedonale Umberto Cardinali","bicycle":"designated","surface":"asphalt","smoothness":"good","segregated":"no","lit":"no","foot":"designated","osm_id":"851552703"},"geometry":{"type":"LineString","coordinates":[[12.876756,43.908497],[12.876657,43.908452],[12.876386,43.908248],[12.876258,43.908134],[12.875927,43.907765],[12.875522,43.907473],[12.875466,43.907406],[12.875186,43.906928],[12.874959,43.906807],[12.874907,43.906596],[12.874865,43.906527],[12.874456,43.906128],[12.873177,43.904744],[12.872979,43.904603],[12.872676,43.904449],[12.872225,43.904311],[12.872168,43.904279],[12.871989,43.904107],[12.871949,43.904043],[12.871868,43.903762],[12.8718,43.903624],[12.87161,43.903351],[12.871567,43.903322]]}},{"type":"Feature","id":"road-3752","properties":{"id":"road-3752","highway":"cycleway","bicycle":"designated","surface":"asphalt","smoothness":"good","segregated":"no","lit":"no","foot":"designated","osm_id":"851552704"},"geometry":{"type":"LineString","coordinates":[[12.876844,43.908546],[12.876756,43.908497]]}},{"type":"Feature","id":"road-3788","properties":{"id":"road-3788","highway":"track","bicycle":"yes","surface":"gravel","smoothness":"bad","tracktype":"grade2","foot":"yes","osm_id":"876450370"},"geometry":{"type":"LineString","coordinates":[[12.969346,43.859758],[12.969065,43.859805],[12.968949,43.859871],[12.968784,43.859835],[12.968603,43.85996],[12.968429,43.860002],[12.968421,43.860073],[12.96871,43.860692],[12.968776,43.861299],[12.968743,43.861496],[12.968248,43.862061],[12.968124,43.862079],[12.967686,43.861728],[12.967133,43.861162],[12.967075,43.861014],[12.966357,43.860615],[12.96609,43.860611]]}},{"type":"Feature","id":"road-3790","properties":{"id":"road-3790","highway":"path","bicycle":"yes","surface":"concrete","access":"no","foot":"yes","osm_id":"876474399"},"geometry":{"type":"LineString","coordinates":[[12.872505,43.902366],[12.874381,43.904426],[12.877236,43.907645],[12.877495,43.907813],[12.87782,43.90793],[12.878147,43.907953],[12.878545,43.907914],[12.878731,43.90788],[12.878875,43.907808],[12.88129,43.905619],[12.881571,43.905276],[12.88204,43.904012],[12.882068,43.903815],[12.881917,43.903798]]}},{"type":"Feature","id":"road-3801","properties":{"id":"road-3801","highway":"cycleway","surface":"asphalt","segregated":"no","foot":"designated","osm_id":"886806888"},"geometry":{"type":"LineString","coordinates":[[12.885563,43.891088],[12.885887,43.891359]]}},{"type":"Feature","id":"road-3802","properties":{"id":"road-3802","highway":"cycleway","surface":"asphalt","segregated":"no","foot":"designated","osm_id":"886806889"},"geometry":{"type":"LineString","coordinates":[[12.884578,43.890259],[12.885563,43.891088]]}},{"type":"Feature","id":"road-3803","properties":{"id":"road-3803","highway":"cycleway","bicycle":"designated","surface":"asphalt","segregated":"no","lit":"yes","foot":"designated","osm_id":"886806891"},"geometry":{"type":"LineString","coordinates":[[12.883604,43.890107],[12.883691,43.890055],[12.883736,43.890003],[12.88376,43.889933],[12.883751,43.889841]]}},{"type":"Feature","id":"road-3804","properties":{"id":"road-3804","highway":"cycleway","surface":"asphalt","segregated":"no","foot":"designated","osm_id":"886806894"},"geometry":{"type":"LineString","coordinates":[[12.887412,43.891007],[12.887434,43.891106]]}},{"type":"Feature","id":"road-3805","properties":{"id":"road-3805","highway":"cycleway","surface":"asphalt","segregated":"no","lit":"yes","foot":"designated","osm_id":"886806896"},"geometry":{"type":"LineString","coordinates":[[12.884641,43.890029],[12.884537,43.890108],[12.884525,43.890168],[12.884578,43.890259]]}},{"type":"Feature","id":"road-3806","properties":{"id":"road-3806","highway":"path","bicycle":"designated","surface":"asphalt","segregated":"no","foot":"designated","osm_id":"886806897"},"geometry":{"type":"LineString","coordinates":[[12.88482,43.890598],[12.884429,43.890381]]}},{"type":"Feature","id":"road-3812","properties":{"id":"road-3812","highway":"cycleway","cycleway":"crossing","surface":"asphalt","segregated":"no","foot":"designated","osm_id":"886806903"},"geometry":{"type":"LineString","coordinates":[[12.887547,43.890727],[12.887601,43.890778]]}},{"type":"Feature","id":"road-3903","properties":{"id":"road-3903","highway":"cycleway","surface":"asphalt","segregated":"no","lit":"yes","foot":"designated","osm_id":"946079499"},"geometry":{"type":"LineString","coordinates":[[12.901973,43.892193],[12.902078,43.892255],[12.902279,43.892255],[12.907467,43.891478],[12.907534,43.891494],[12.907635,43.891752]]}},{"type":"Feature","id":"road-3904","properties":{"id":"road-3904","highway":"cycleway","surface":"asphalt","segregated":"yes","foot":"yes","osm_id":"946087766"},"geometry":{"type":"LineString","coordinates":[[12.901397,43.891146],[12.901323,43.891162],[12.901258,43.891148],[12.900308,43.890544],[12.900126,43.890409],[12.900073,43.890339],[12.900039,43.890235],[12.900025,43.889954],[12.899984,43.889917],[12.899982,43.889804],[12.90002,43.889731]]}},{"type":"Feature","id":"road-3921","properties":{"id":"road-3921","highway":"cycleway","surface":"paved","oneway":"no","segregated":"yes","lit":"yes","foot":"designated","osm_id":"946584118"},"geometry":{"type":"LineString","coordinates":[[12.902757,43.89219],[12.902952,43.891764]]}},{"type":"Feature","id":"road-3923","properties":{"id":"road-3923","highway":"path","bicycle":"yes","surface":"ground","foot":"yes","osm_id":"946969318"},"geometry":{"type":"LineString","coordinates":[[12.87089,43.897583],[12.870814,43.897613],[12.870369,43.897468],[12.870128,43.897373],[12.869591,43.897129],[12.869093,43.896936],[12.868724,43.896837],[12.868364,43.896792],[12.867976,43.896789],[12.867634,43.896804],[12.864442,43.89707],[12.863958,43.897012],[12.863651,43.896942],[12.863284,43.896774],[12.863357,43.896697]]}},{"type":"Feature","id":"road-3925","properties":{"id":"road-3925","highway":"path","bicycle":"yes","surface":"ground","foot":"yes","osm_id":"946969320"},"geometry":{"type":"LineString","coordinates":[[12.871683,43.900647],[12.871711,43.900563],[12.872053,43.900159],[12.872164,43.899968],[12.872194,43.899793],[12.872156,43.899514],[12.872092,43.899385],[12.871942,43.899218],[12.871491,43.898795],[12.871272,43.898524],[12.871033,43.898173],[12.871016,43.898102],[12.871027,43.898031],[12.871062,43.897979]]}},{"type":"Feature","id":"road-3940","properties":{"id":"road-3940","highway":"cycleway","bicycle":"designated","cycleway":"crossing","surface":"asphalt","segregated":"yes","lit":"yes","foot":"designated","osm_id":"952128511"},"geometry":{"type":"LineString","coordinates":[[12.896067,43.89359],[12.896167,43.893665]]}},{"type":"Feature","id":"road-3942","properties":{"id":"road-3942","highway":"cycleway","bicycle":"designated","surface":"asphalt","segregated":"no","foot":"designated","osm_id":"952128518"},"geometry":{"type":"LineString","coordinates":[[12.895058,43.89603],[12.895062,43.896004]]}},{"type":"Feature","id":"road-3943","properties":{"id":"road-3943","highway":"cycleway","bicycle":"designated","surface":"asphalt","segregated":"no","foot":"designated","osm_id":"952128519"},"geometry":{"type":"LineString","coordinates":[[12.894872,43.896258],[12.894602,43.896079]]}},{"type":"Feature","id":"road-3958","properties":{"id":"road-3958","highway":"residential","name":"Via Andrea Costa","cycleway:right":"lane","surface":"asphalt","oneway":"no","segregated":"yes","lit":"yes","osm_id":"967297527"},"geometry":{"type":"LineString","coordinates":[[12.903635,43.902078],[12.903894,43.902488]]}},{"type":"Feature","id":"road-3972","properties":{"id":"road-3972","highway":"cycleway","surface":"sett","segregated":"no","lit":"yes","foot":"designated","osm_id":"972284988"},"geometry":{"type":"LineString","coordinates":[[12.902804,43.89157],[12.902878,43.891604],[12.902953,43.891608]]}},{"type":"Feature","id":"road-3973","properties":{"id":"road-3973","highway":"cycleway","surface":"paved","segregated":"yes","lit":"yes","foot":"designated","osm_id":"972284989"},"geometry":{"type":"LineString","coordinates":[[12.901461,43.891285],[12.90152,43.891317],[12.901568,43.891322],[12.902266,43.891262],[12.9024,43.891273],[12.902506,43.891325],[12.90271,43.891479],[12.902804,43.89157]]}},{"type":"Feature","id":"road-3974","properties":{"id":"road-3974","highway":"cycleway","surface":"paved","segregated":"yes","lit":"yes","foot":"designated","osm_id":"972284991"},"geometry":{"type":"LineString","coordinates":[[12.900937,43.89184],[12.90103,43.89182],[12.901147,43.89177],[12.901241,43.89171],[12.901302,43.891643],[12.901399,43.891446],[12.901394,43.8914],[12.901359,43.891365]]}},{"type":"Feature","id":"road-3975","properties":{"id":"road-3975","highway":"cycleway","surface":"sett","segregated":"yes","lit":"yes","foot":"designated","osm_id":"972284992"},"geometry":{"type":"LineString","coordinates":[[12.900745,43.891853],[12.900937,43.89184]]}},{"type":"Feature","id":"road-3976","properties":{"id":"road-3976","highway":"cycleway","surface":"asphalt","segregated":"no","lit":"yes","foot":"designated","osm_id":"972284993"},"geometry":{"type":"LineString","coordinates":[[12.899086,43.891835],[12.899088,43.89188],[12.899106,43.891903],[12.89915,43.891918],[12.900687,43.891867],[12.900745,43.891853]]}},{"type":"Feature","id":"road-3982","properties":{"id":"road-3982","highway":"cycleway","surface":"asphalt","segregated":"no","lit":"yes","foot":"designated","osm_id":"972366373"},"geometry":{"type":"LineString","coordinates":[[12.900136,43.888332],[12.90008,43.888493],[12.90007,43.888664],[12.90016,43.888829],[12.90038,43.88894],[12.900591,43.888997]]}},{"type":"Feature","id":"road-3984","properties":{"id":"road-3984","highway":"cycleway","surface":"sett","segregated":"no","foot":"yes","osm_id":"972366376"},"geometry":{"type":"LineString","coordinates":[[12.901461,43.891285],[12.901446,43.891241],[12.901487,43.8912]]}},{"type":"Feature","id":"road-3990","properties":{"id":"road-3990","highway":"cycleway","bicycle":"designated","surface":"paved","segregated":"yes","lit":"yes","foot":"designated","osm_id":"973970753"},"geometry":{"type":"LineString","coordinates":[[12.90728,43.890278],[12.907151,43.890317],[12.907078,43.890366],[12.906978,43.890466],[12.906818,43.890572],[12.906694,43.89069]]}},{"type":"Feature","id":"road-3991","properties":{"id":"road-3991","highway":"cycleway","bicycle":"designated","surface":"paved","segregated":"yes","lit":"yes","foot":"designated","osm_id":"973970754"},"geometry":{"type":"LineString","coordinates":[[12.907384,43.890273],[12.90728,43.890278]]}},{"type":"Feature","id":"road-4093","properties":{"id":"road-4093","highway":"cycleway","name":"Via Fattori","bicycle":"designated","surface":"sett","segregated":"no","lit":"yes","foot":"designated","osm_id":"1011341347"},"geometry":{"type":"LineString","coordinates":[[12.908981,43.911949],[12.909113,43.912173],[12.909243,43.912307]]}},{"type":"Feature","id":"road-4098","properties":{"id":"road-4098","highway":"path","bicycle":"designated","surface":"asphalt","segregated":"no","lit":"yes","foot":"designated","osm_id":"1011483945"},"geometry":{"type":"LineString","coordinates":[[12.869057,43.906202],[12.869033,43.906239],[12.869311,43.906388]]}},{"type":"Feature","id":"road-4127","properties":{"id":"road-4127","highway":"cycleway","bicycle":"designated","surface":"asphalt","segregated":"no","lit":"yes","foot":"designated","osm_id":"1011911775"},"geometry":{"type":"LineString","coordinates":[[12.884697,43.892769],[12.884537,43.892799],[12.884188,43.89279],[12.884079,43.89274]]}},{"type":"Feature","id":"road-4128","properties":{"id":"road-4128","highway":"cycleway","bicycle":"designated","surface":"asphalt","segregated":"no","lit":"yes","foot":"designated","osm_id":"1011911777"},"geometry":{"type":"LineString","coordinates":[[12.884806,43.893496],[12.884793,43.893406],[12.884871,43.893257],[12.884859,43.893052],[12.884923,43.892959]]}},{"type":"Feature","id":"road-4129","properties":{"id":"road-4129","highway":"cycleway","bicycle":"designated","surface":"asphalt","segregated":"no","lit":"yes","foot":"designated","osm_id":"1011911779"},"geometry":{"type":"LineString","coordinates":[[12.884037,43.893603],[12.884166,43.893568],[12.884307,43.89358],[12.88447,43.893569],[12.884597,43.893612]]}},{"type":"Feature","id":"road-4130","properties":{"id":"road-4130","highway":"cycleway","bicycle":"designated","surface":"asphalt","segregated":"no","lit":"yes","foot":"designated","osm_id":"1011911780"},"geometry":{"type":"LineString","coordinates":[[12.883722,43.893209],[12.883791,43.893249],[12.883825,43.893306],[12.883792,43.893464]]}},{"type":"Feature","id":"road-4131","properties":{"id":"road-4131","highway":"cycleway","bicycle":"designated","surface":"asphalt","segregated":"no","lit":"yes","foot":"designated","osm_id":"1011911782"},"geometry":{"type":"LineString","coordinates":[[12.883862,43.892856],[12.883871,43.892976],[12.883806,43.893062],[12.88371,43.893096]]}},{"type":"Feature","id":"road-4140","properties":{"id":"road-4140","highway":"cycleway","surface":"asphalt","lit":"yes","osm_id":"1012228984"},"geometry":{"type":"LineString","coordinates":[[12.910634,43.896175],[12.910513,43.896183]]}},{"type":"Feature","id":"road-4141","properties":{"id":"road-4141","highway":"cycleway","surface":"asphalt","oneway":"no","segregated":"yes","lit":"yes","foot":"designated","osm_id":"1012228986"},"geometry":{"type":"LineString","coordinates":[[12.910598,43.896036],[12.910644,43.895965]]}},{"type":"Feature","id":"road-4142","properties":{"id":"road-4142","highway":"cycleway","cycleway":"crossing","surface":"sett","oneway":"no","segregated":"yes","lit":"yes","foot":"designated","osm_id":"1012228990"},"geometry":{"type":"LineString","coordinates":[[12.911795,43.898013],[12.911742,43.897934]]}},{"type":"Feature","id":"road-4143","properties":{"id":"road-4143","highway":"cycleway","surface":"asphalt","oneway":"no","lit":"yes","osm_id":"1012228991"},"geometry":{"type":"LineString","coordinates":[[12.91278,43.899713],[12.912669,43.89955],[12.911795,43.898013]]}},{"type":"Feature","id":"road-4144","properties":{"id":"road-4144","highway":"cycleway","cycleway":"crossing","surface":"sett","oneway":"no","segregated":"yes","lit":"yes","foot":"designated","osm_id":"1012228992"},"geometry":{"type":"LineString","coordinates":[[12.912822,43.899787],[12.91278,43.899713]]}},{"type":"Feature","id":"road-4145","properties":{"id":"road-4145","highway":"cycleway","surface":"asphalt","oneway":"no","lit":"yes","osm_id":"1012228993"},"geometry":{"type":"LineString","coordinates":[[12.913207,43.900359],[12.912992,43.900088],[12.912822,43.899787]]}},{"type":"Feature","id":"road-4150","properties":{"id":"road-4150","highway":"cycleway","cycleway":"crossing","surface":"sett","oneway":"no","segregated":"yes","lit":"yes","foot":"designated","osm_id":"1012228998"},"geometry":{"type":"LineString","coordinates":[[12.913207,43.900359],[12.913238,43.900395]]}},{"type":"Feature","id":"road-4153","properties":{"id":"road-4153","highway":"path","name":"Via Gaetano Donizetti","bicycle":"designated","surface":"asphalt","foot":"designated","osm_id":"1012594632"},"geometry":{"type":"LineString","coordinates":[[12.895136,43.897795],[12.895223,43.897803]]}},{"type":"Feature","id":"road-4157","properties":{"id":"road-4157","highway":"cycleway","surface":"asphalt","segregated":"no","foot":"designated","osm_id":"1012594636"},"geometry":{"type":"LineString","coordinates":[[12.896053,43.898305],[12.896184,43.898214]]}},{"type":"Feature","id":"road-4159","properties":{"id":"road-4159","highway":"cycleway","surface":"sett","segregated":"no","foot":"designated","osm_id":"1012594638"},"geometry":{"type":"LineString","coordinates":[[12.895753,43.898191],[12.89531,43.898087]]}},{"type":"Feature","id":"road-4160","properties":{"id":"road-4160","highway":"cycleway","surface":"asphalt","segregated":"no","foot":"designated","osm_id":"1012594639"},"geometry":{"type":"LineString","coordinates":[[12.895218,43.897415],[12.895223,43.897803],[12.895753,43.898191]]}},{"type":"Feature","id":"road-4161","properties":{"id":"road-4161","highway":"cycleway","surface":"asphalt","segregated":"no","foot":"designated","osm_id":"1012594640"},"geometry":{"type":"LineString","coordinates":[[12.896184,43.898214],[12.89628,43.898148]]}},{"type":"Feature","id":"road-4162","properties":{"id":"road-4162","highway":"path","name":"Via Gaetano Donizetti","bicycle":"designated","surface":"asphalt","foot":"designated","osm_id":"1012594641"},"geometry":{"type":"LineString","coordinates":[[12.895223,43.897803],[12.895228,43.897851]]}},{"type":"Feature","id":"road-4172","properties":{"id":"road-4172","highway":"cycleway","cycleway":"crossing","surface":"asphalt","segregated":"yes","lit":"yes","foot":"designated","osm_id":"1012594654"},"geometry":{"type":"LineString","coordinates":[[12.893041,43.895801],[12.893175,43.895829]]}},{"type":"Feature","id":"road-4173","properties":{"id":"road-4173","highway":"cycleway","surface":"asphalt","segregated":"yes","lit":"yes","foot":"designated","osm_id":"1012594655"},"geometry":{"type":"LineString","coordinates":[[12.892767,43.895742],[12.893041,43.895801]]}},{"type":"Feature","id":"road-4185","properties":{"id":"road-4185","highway":"cycleway","surface":"asphalt","segregated":"no","foot":"designated","osm_id":"1013390554"},"geometry":{"type":"LineString","coordinates":[[12.887342,43.890652],[12.887452,43.89073],[12.887547,43.890727]]}},{"type":"Feature","id":"road-4186","properties":{"id":"road-4186","highway":"cycleway","surface":"asphalt","segregated":"no","lit":"yes","foot":"designated","osm_id":"1013390555"},"geometry":{"type":"LineString","coordinates":[[12.886994,43.890402],[12.887342,43.890652]]}},{"type":"Feature","id":"road-4192","properties":{"id":"road-4192","highway":"cycleway","surface":"asphalt","osm_id":"1013405311"},"geometry":{"type":"LineString","coordinates":[[12.912346,43.906711],[12.912271,43.906655],[12.912267,43.906611]]}},{"type":"Feature","id":"road-4195","properties":{"id":"road-4195","highway":"cycleway","surface":"asphalt","osm_id":"1013405324"},"geometry":{"type":"LineString","coordinates":[[12.912921,43.906143],[12.912967,43.906073],[12.913164,43.905937]]}},{"type":"Feature","id":"road-4196","properties":{"id":"road-4196","highway":"cycleway","surface":"asphalt","lit":"yes","osm_id":"1013405325"},"geometry":{"type":"LineString","coordinates":[[12.912267,43.906611],[12.912278,43.90655],[12.912668,43.90628],[12.912743,43.906266]]}},{"type":"Feature","id":"road-4314","properties":{"id":"road-4314","highway":"cycleway","surface":"asphalt","segregated":"yes","foot":"designated","osm_id":"1040663297"},"geometry":{"type":"LineString","coordinates":[[12.886504,43.896422],[12.886404,43.896368],[12.886359,43.896361]]}},{"type":"Feature","id":"road-4315","properties":{"id":"road-4315","highway":"cycleway","surface":"asphalt","osm_id":"1040663299"},"geometry":{"type":"LineString","coordinates":[[12.886359,43.896361],[12.886137,43.896369],[12.886078,43.896347]]}},{"type":"Feature","id":"road-4316","properties":{"id":"road-4316","highway":"cycleway","cycleway":"crossing","surface":"asphalt","segregated":"yes","foot":"designated","osm_id":"1040663300"},"geometry":{"type":"LineString","coordinates":[[12.886579,43.896462],[12.886504,43.896422]]}},{"type":"Feature","id":"road-4318","properties":{"id":"road-4318","highway":"cycleway","cycleway":"crossing","surface":"asphalt","osm_id":"1040663303"},"geometry":{"type":"LineString","coordinates":[[12.887643,43.897017],[12.887519,43.896952]]}},{"type":"Feature","id":"road-4319","properties":{"id":"road-4319","highway":"cycleway","surface":"asphalt","segregated":"yes","foot":"designated","osm_id":"1040663304"},"geometry":{"type":"LineString","coordinates":[[12.888199,43.897316],[12.887643,43.897017]]}},{"type":"Feature","id":"road-4320","properties":{"id":"road-4320","highway":"cycleway","cycleway":"crossing","surface":"asphalt","segregated":"yes","foot":"designated","osm_id":"1040663305"},"geometry":{"type":"LineString","coordinates":[[12.888403,43.897423],[12.888199,43.897316]]}},{"type":"Feature","id":"road-4325","properties":{"id":"road-4325","highway":"cycleway","cycleway":"crossing","surface":"asphalt","segregated":"yes","foot":"designated","osm_id":"1040663312"},"geometry":{"type":"LineString","coordinates":[[12.892062,43.899273],[12.892003,43.899161]]}},{"type":"Feature","id":"road-4326","properties":{"id":"road-4326","highway":"cycleway","bicycle":"designated","surface":"asphalt","segregated":"yes","foot":"designated","osm_id":"1040663313"},"geometry":{"type":"LineString","coordinates":[[12.893007,43.901044],[12.892774,43.900696],[12.892752,43.900597],[12.892062,43.899273]]}},{"type":"Feature","id":"road-4327","properties":{"id":"road-4327","highway":"cycleway","cycleway":"crossing","surface":"asphalt","segregated":"yes","lit":"yes","foot":"designated","osm_id":"1040663317"},"geometry":{"type":"LineString","coordinates":[[12.893078,43.901147],[12.893007,43.901044]]}},{"type":"Feature","id":"road-4328","properties":{"id":"road-4328","highway":"cycleway","surface":"asphalt","segregated":"yes","lit":"yes","foot":"designated","osm_id":"1040663318"},"geometry":{"type":"LineString","coordinates":[[12.89335,43.901533],[12.893078,43.901147]]}},{"type":"Feature","id":"road-4329","properties":{"id":"road-4329","highway":"cycleway","surface":"paved","osm_id":"1040663320"},"geometry":{"type":"LineString","coordinates":[[12.893734,43.901915],[12.893557,43.901794],[12.893418,43.901638]]}},{"type":"Feature","id":"road-4330","properties":{"id":"road-4330","highway":"cycleway","cycleway":"crossing","surface":"asphalt","segregated":"yes","lit":"yes","foot":"designated","osm_id":"1040663322"},"geometry":{"type":"LineString","coordinates":[[12.893376,43.90157],[12.89335,43.901533]]}},{"type":"Feature","id":"road-4331","properties":{"id":"road-4331","highway":"cycleway","cycleway":"crossing","surface":"asphalt","osm_id":"1040663323"},"geometry":{"type":"LineString","coordinates":[[12.893418,43.901638],[12.893376,43.90157]]}},{"type":"Feature","id":"road-4339","properties":{"id":"road-4339","highway":"cycleway","surface":"asphalt","segregated":"no","lit":"yes","foot":"designated","osm_id":"1041550601"},"geometry":{"type":"LineString","coordinates":[[12.899086,43.891835],[12.89909,43.891759],[12.899065,43.891726]]}},{"type":"Feature","id":"road-4361","properties":{"id":"road-4361","highway":"cycleway","surface":"asphalt","segregated":"no","foot":"designated","osm_id":"1042061560"},"geometry":{"type":"LineString","coordinates":[[12.899252,43.892017],[12.899195,43.892056],[12.899163,43.892107],[12.899163,43.892216]]}},{"type":"Feature","id":"road-4362","properties":{"id":"road-4362","highway":"cycleway","surface":"asphalt","oneway":"yes","segregated":"yes","lit":"yes","foot":"designated","osm_id":"1042061564"},"geometry":{"type":"LineString","coordinates":[[12.900125,43.892945],[12.900035,43.893034],[12.899959,43.893074]]}},{"type":"Feature","id":"road-4375","properties":{"id":"road-4375","highway":"cycleway","bicycle":"designated","surface":"asphalt","segregated":"no","foot":"designated","osm_id":"1042067628"},"geometry":{"type":"LineString","coordinates":[[12.868483,43.908409],[12.868625,43.908471],[12.868664,43.908504],[12.868662,43.908567]]}},{"type":"Feature","id":"road-4376","properties":{"id":"road-4376","highway":"cycleway","bicycle":"designated","surface":"asphalt","segregated":"no","lit":"yes","foot":"designated","osm_id":"1042067629"},"geometry":{"type":"LineString","coordinates":[[12.870438,43.906176],[12.870392,43.90625],[12.870397,43.906329],[12.870487,43.906544],[12.870586,43.906645]]}},{"type":"Feature","id":"road-4382","properties":{"id":"road-4382","highway":"cycleway","cycleway":"crossing","surface":"asphalt","segregated":"yes","foot":"designated","osm_id":"1043270169"},"geometry":{"type":"LineString","coordinates":[[12.918227,43.904947],[12.918109,43.904941]]}},{"type":"Feature","id":"road-4383","properties":{"id":"road-4383","highway":"cycleway","cycleway":"crossing","surface":"asphalt","segregated":"no","lit":"yes","foot":"designated","osm_id":"1043270170"},"geometry":{"type":"LineString","coordinates":[[12.917682,43.904749],[12.917768,43.904653]]}},{"type":"Feature","id":"road-4385","properties":{"id":"road-4385","highway":"cycleway","surface":"asphalt","segregated":"yes","foot":"designated","osm_id":"1043270172"},"geometry":{"type":"LineString","coordinates":[[12.917241,43.904791],[12.917411,43.904834],[12.917454,43.904947]]}},{"type":"Feature","id":"road-4391","properties":{"id":"road-4391","highway":"cycleway","surface":"paved","segregated":"yes","foot":"designated","osm_id":"1043270179"},"geometry":{"type":"LineString","coordinates":[[12.917378,43.904478],[12.917347,43.904499],[12.917274,43.904658]]}},{"type":"Feature","id":"road-4392","properties":{"id":"road-4392","highway":"cycleway","cycleway":"crossing","surface":"asphalt","segregated":"no","lit":"yes","foot":"designated","osm_id":"1043270188"},"geometry":{"type":"LineString","coordinates":[[12.917521,43.904482],[12.917378,43.904478]]}},{"type":"Feature","id":"road-4393","properties":{"id":"road-4393","highway":"cycleway","surface":"asphalt","segregated":"no","lit":"yes","foot":"designated","osm_id":"1043270189"},"geometry":{"type":"LineString","coordinates":[[12.917768,43.904653],[12.917592,43.904576],[12.917521,43.904482]]}},{"type":"Feature","id":"road-4421","properties":{"id":"road-4421","highway":"cycleway","surface":"asphalt","segregated":"no","foot":"designated","osm_id":"1047396040"},"geometry":{"type":"LineString","coordinates":[[12.884858,43.893714],[12.884767,43.89371],[12.884597,43.893612]]}},{"type":"Feature","id":"road-4484","properties":{"id":"road-4484","highway":"cycleway","surface":"sett","segregated":"no","lit":"yes","foot":"designated","osm_id":"1051949068"},"geometry":{"type":"LineString","coordinates":[[12.90337,43.910552],[12.903023,43.910609],[12.903029,43.910632]]}},{"type":"Feature","id":"road-4516","properties":{"id":"road-4516","highway":"cycleway","surface":"paved","segregated":"yes","lit":"yes","foot":"designated","osm_id":"1054721338"},"geometry":{"type":"LineString","coordinates":[[12.896665,43.896112],[12.89677,43.896106],[12.89777,43.895412]]}},{"type":"Feature","id":"road-4517","properties":{"id":"road-4517","highway":"cycleway","cycleway":"crossing","surface":"asphalt","segregated":"no","lit":"yes","foot":"designated","osm_id":"1054721339"},"geometry":{"type":"LineString","coordinates":[[12.896442,43.896267],[12.896665,43.896112]]}},{"type":"Feature","id":"road-4519","properties":{"id":"road-4519","highway":"cycleway","bicycle":"designated","surface":"sett","segregated":"no","lit":"yes","foot":"designated","osm_id":"1055820075"},"geometry":{"type":"LineString","coordinates":[[12.903324,43.911935],[12.903247,43.911763]]}},{"type":"Feature","id":"road-4520","properties":{"id":"road-4520","highway":"cycleway","surface":"sett","segregated":"no","lit":"yes","foot":"designated","osm_id":"1055820076"},"geometry":{"type":"LineString","coordinates":[[12.903247,43.911763],[12.903212,43.911754],[12.903201,43.911692]]}},{"type":"Feature","id":"road-4521","properties":{"id":"road-4521","highway":"cycleway","bicycle":"designated","cycleway":"crossing","surface":"asphalt","segregated":"yes","lit":"yes","foot":"designated","osm_id":"1055820077"},"geometry":{"type":"LineString","coordinates":[[12.903913,43.914014],[12.904009,43.913879]]}},{"type":"Feature","id":"road-4522","properties":{"id":"road-4522","highway":"cycleway","cycleway":"crossing","surface":"paved","segregated":"yes","lit":"yes","foot":"designated","osm_id":"1055820078"},"geometry":{"type":"LineString","coordinates":[[12.904173,43.913612],[12.904237,43.913487]]}},{"type":"Feature","id":"road-4523","properties":{"id":"road-4523","highway":"cycleway","cycleway":"crossing","surface":"asphalt","segregated":"no","lit":"yes","foot":"designated","osm_id":"1055820079"},"geometry":{"type":"LineString","coordinates":[[12.904237,43.913487],[12.904093,43.913447]]}},{"type":"Feature","id":"road-4545","properties":{"id":"road-4545","highway":"cycleway","surface":"asphalt","oneway":"yes","segregated":"yes","lit":"yes","foot":"designated","osm_id":"1060061467"},"geometry":{"type":"LineString","coordinates":[[12.920582,43.901073],[12.920688,43.900875]]}},{"type":"Feature","id":"road-4546","properties":{"id":"road-4546","highway":"cycleway","surface":"asphalt","oneway":"yes","segregated":"yes","lit":"yes","foot":"designated","osm_id":"1060061468"},"geometry":{"type":"LineString","coordinates":[[12.920356,43.901477],[12.920542,43.901146]]}},{"type":"Feature","id":"road-4547","properties":{"id":"road-4547","highway":"cycleway","surface":"asphalt","oneway":"yes","segregated":"yes","lit":"yes","foot":"designated","osm_id":"1060061469"},"geometry":{"type":"LineString","coordinates":[[12.920725,43.900807],[12.920825,43.90062]]}},{"type":"Feature","id":"road-4548","properties":{"id":"road-4548","highway":"cycleway","cycleway":"crossing","surface":"asphalt","segregated":"yes","lit":"yes","foot":"designated","osm_id":"1060061470"},"geometry":{"type":"LineString","coordinates":[[12.920688,43.900875],[12.920725,43.900807]]}},{"type":"Feature","id":"road-4549","properties":{"id":"road-4549","highway":"cycleway","surface":"asphalt","oneway":"yes","segregated":"yes","lit":"yes","foot":"designated","osm_id":"1060061471"},"geometry":{"type":"LineString","coordinates":[[12.920862,43.900552],[12.920988,43.900318]]}},{"type":"Feature","id":"road-4550","properties":{"id":"road-4550","highway":"cycleway","cycleway":"crossing","surface":"asphalt","segregated":"yes","lit":"yes","foot":"designated","osm_id":"1060061472"},"geometry":{"type":"LineString","coordinates":[[12.920825,43.90062],[12.920862,43.900552]]}},{"type":"Feature","id":"road-4563","properties":{"id":"road-4563","highway":"cycleway","surface":"paved","segregated":"yes","lit":"yes","foot":"designated","osm_id":"1060288404"},"geometry":{"type":"LineString","coordinates":[[12.925077,43.894008],[12.925634,43.893175]]}},{"type":"Feature","id":"road-4564","properties":{"id":"road-4564","highway":"cycleway","surface":"paved","segregated":"yes","lit":"yes","foot":"designated","osm_id":"1060288405"},"geometry":{"type":"LineString","coordinates":[[12.925755,43.892076],[12.92621,43.891851]]}},{"type":"Feature","id":"road-4565","properties":{"id":"road-4565","highway":"cycleway","cycleway":"crossing","surface":"asphalt","segregated":"yes","lit":"yes","foot":"designated","osm_id":"1060288406"},"geometry":{"type":"LineString","coordinates":[[12.92562,43.892146],[12.925755,43.892076]]}},{"type":"Feature","id":"road-4567","properties":{"id":"road-4567","highway":"cycleway","surface":"asphalt","segregated":"no","lit":"yes","foot":"designated","osm_id":"1061183168"},"geometry":{"type":"LineString","coordinates":[[12.905435,43.908374],[12.905493,43.908244]]}},{"type":"Feature","id":"road-4568","properties":{"id":"road-4568","highway":"cycleway","cycleway":"crossing","surface":"asphalt","segregated":"no","lit":"yes","foot":"designated","osm_id":"1061183169"},"geometry":{"type":"LineString","coordinates":[[12.905382,43.908644],[12.905384,43.908486]]}},{"type":"Feature","id":"road-4575","properties":{"id":"road-4575","highway":"cycleway","surface":"asphalt","oneway":"yes","lit":"yes","osm_id":"1078670615"},"geometry":{"type":"LineString","coordinates":[[12.917075,43.913192],[12.916449,43.912736]]}},{"type":"Feature","id":"road-4576","properties":{"id":"road-4576","highway":"cycleway","cycleway":"crossing","surface":"asphalt","oneway":"yes","lit":"yes","osm_id":"1078670616"},"geometry":{"type":"LineString","coordinates":[[12.917182,43.913114],[12.917291,43.913193]]}},{"type":"Feature","id":"road-4577","properties":{"id":"road-4577","highway":"cycleway","surface":"asphalt","oneway":"yes","lit":"yes","osm_id":"1078670617"},"geometry":{"type":"LineString","coordinates":[[12.916556,43.91266],[12.917182,43.913114]]}},{"type":"Feature","id":"road-4578","properties":{"id":"road-4578","highway":"cycleway","cycleway":"crossing","surface":"asphalt","oneway":"yes","lit":"yes","osm_id":"1078670618"},"geometry":{"type":"LineString","coordinates":[[12.91645,43.912583],[12.916556,43.91266]]}},{"type":"Feature","id":"road-4579","properties":{"id":"road-4579","highway":"cycleway","surface":"asphalt","oneway":"yes","lit":"yes","width":"1.5","osm_id":"1078670619"},"geometry":{"type":"LineString","coordinates":[[12.915709,43.912122],[12.915829,43.912133],[12.91645,43.912583]]}},{"type":"Feature","id":"road-4580","properties":{"id":"road-4580","highway":"cycleway","surface":"asphalt","oneway":"yes","lit":"yes","width":"1.5","osm_id":"1078670620"},"geometry":{"type":"LineString","coordinates":[[12.916344,43.91266],[12.915724,43.912208],[12.915709,43.912122]]}},{"type":"Feature","id":"road-4581","properties":{"id":"road-4581","highway":"cycleway","cycleway":"crossing","surface":"asphalt","oneway":"yes","lit":"yes","osm_id":"1078670621"},"geometry":{"type":"LineString","coordinates":[[12.916449,43.912736],[12.916344,43.91266]]}},{"type":"Feature","id":"road-4589","properties":{"id":"road-4589","highway":"cycleway","cycleway":"crossing","surface":"asphalt","segregated":"yes","foot":"designated","osm_id":"1079856790"},"geometry":{"type":"LineString","coordinates":[[12.863203,43.913535],[12.863064,43.913607]]}},{"type":"Feature","id":"road-4590","properties":{"id":"road-4590","highway":"cycleway","surface":"asphalt","segregated":"yes","foot":"designated","osm_id":"1079856791"},"geometry":{"type":"LineString","coordinates":[[12.863361,43.913483],[12.863307,43.913482],[12.863203,43.913535]]}},{"type":"Feature","id":"road-4591","properties":{"id":"road-4591","highway":"cycleway","cycleway":"crossing","surface":"asphalt","segregated":"yes","foot":"designated","osm_id":"1079856792"},"geometry":{"type":"LineString","coordinates":[[12.862472,43.914025],[12.862434,43.914166],[12.862438,43.914243]]}},{"type":"Feature","id":"road-4592","properties":{"id":"road-4592","highway":"cycleway","cycleway":"crossing","surface":"asphalt","segregated":"yes","foot":"designated","osm_id":"1079856793"},"geometry":{"type":"LineString","coordinates":[[12.861938,43.914926],[12.861849,43.914981]]}},{"type":"Feature","id":"road-4593","properties":{"id":"road-4593","highway":"cycleway","surface":"asphalt","segregated":"yes","foot":"designated","osm_id":"1079856794"},"geometry":{"type":"LineString","coordinates":[[12.862285,43.914711],[12.861938,43.914926]]}},{"type":"Feature","id":"road-4604","properties":{"id":"road-4604","highway":"cycleway","surface":"paved","oneway":"yes","lit":"yes","osm_id":"1087600429"},"geometry":{"type":"LineString","coordinates":[[12.891018,43.904123],[12.891074,43.904049]]}},{"type":"Feature","id":"road-4605","properties":{"id":"road-4605","highway":"cycleway","surface":"paved","lit":"yes","osm_id":"1087600431"},"geometry":{"type":"LineString","coordinates":[[12.891074,43.904049],[12.89122,43.903948]]}},{"type":"Feature","id":"road-4606","properties":{"id":"road-4606","highway":"cycleway","surface":"paved","segregated":"no","lit":"yes","foot":"designated","osm_id":"1087600433"},"geometry":{"type":"LineString","coordinates":[[12.891041,43.904025],[12.891074,43.904049]]}},{"type":"Feature","id":"road-4607","properties":{"id":"road-4607","highway":"cycleway","surface":"paved","segregated":"no","lit":"yes","foot":"designated","osm_id":"1087600434"},"geometry":{"type":"LineString","coordinates":[[12.890353,43.904331],[12.890473,43.904352],[12.890601,43.904319],[12.890727,43.904228],[12.890817,43.904143],[12.890835,43.904099],[12.890905,43.904055],[12.890969,43.904071],[12.891041,43.904025]]}},{"type":"Feature","id":"road-4623","properties":{"id":"road-4623","highway":"cycleway","surface":"sett","segregated":"no","lit":"yes","foot":"designated","osm_id":"1092475185"},"geometry":{"type":"LineString","coordinates":[[12.890305,43.904765],[12.890586,43.904971]]}},{"type":"Feature","id":"road-4625","properties":{"id":"road-4625","highway":"cycleway","surface":"paved","segregated":"no","lit":"yes","foot":"designated","osm_id":"1092475194"},"geometry":{"type":"LineString","coordinates":[[12.891241,43.904151],[12.891127,43.904198],[12.890515,43.904619]]}},{"type":"Feature","id":"road-4626","properties":{"id":"road-4626","highway":"cycleway","surface":"paved","segregated":"no","lit":"yes","foot":"designated","osm_id":"1092475195"},"geometry":{"type":"LineString","coordinates":[[12.890384,43.904709],[12.890198,43.904841],[12.890054,43.904974]]}},{"type":"Feature","id":"road-4670","properties":{"id":"road-4670","highway":"cycleway","name":"Via Milano","bicycle":"designated","surface":"paved","segregated":"yes","lit":"yes","foot":"designated","osm_id":"1093610446"},"geometry":{"type":"LineString","coordinates":[[12.892433,43.906745],[12.892005,43.906439]]}},{"type":"Feature","id":"road-4671","properties":{"id":"road-4671","highway":"cycleway","name":"Via Milano","bicycle":"designated","surface":"paved","segregated":"no","lit":"yes","foot":"designated","osm_id":"1093610447"},"geometry":{"type":"LineString","coordinates":[[12.891888,43.906357],[12.891382,43.906032]]}},{"type":"Feature","id":"road-4674","properties":{"id":"road-4674","highway":"residential","name":"Viale Guglielmo Marconi","cycleway:both":"lane","surface":"asphalt","smoothness":"good","oneway":"no","lit":"yes","osm_id":"1119465156"},"geometry":{"type":"LineString","coordinates":[[12.914004,43.915462],[12.912819,43.914476]]}},{"type":"Feature","id":"road-4675","properties":{"id":"road-4675","highway":"residential","name":"Viale Guglielmo Marconi","cycleway:both":"lane","surface":"asphalt","smoothness":"good","oneway":"yes","lit":"yes","osm_id":"1119465157"},"geometry":{"type":"LineString","coordinates":[[12.914697,43.916038],[12.914004,43.915462]]}},{"type":"Feature","id":"road-4677","properties":{"id":"road-4677","highway":"cycleway","surface":"sett","lit":"yes","osm_id":"1126130460"},"geometry":{"type":"LineString","coordinates":[[12.908406,43.907026],[12.908814,43.907277]]}},{"type":"Feature","id":"road-4678","properties":{"id":"road-4678","highway":"cycleway","cycleway":"crossing","surface":"asphalt","lit":"yes","osm_id":"1126130461"},"geometry":{"type":"LineString","coordinates":[[12.908326,43.906976],[12.908406,43.907026]]}},{"type":"Feature","id":"road-4679","properties":{"id":"road-4679","highway":"cycleway","surface":"asphalt","oneway":"no","lit":"yes","osm_id":"1126372893"},"geometry":{"type":"LineString","coordinates":[[12.905564,43.908468],[12.905536,43.908419],[12.905435,43.908374]]}},{"type":"Feature","id":"road-4680","properties":{"id":"road-4680","highway":"cycleway","cycleway":"crossing","surface":"asphalt","oneway":"no","lit":"yes","osm_id":"1126372894"},"geometry":{"type":"LineString","coordinates":[[12.905609,43.908544],[12.905564,43.908468]]}},{"type":"Feature","id":"road-4681","properties":{"id":"road-4681","highway":"cycleway","surface":"asphalt","segregated":"no","lit":"yes","foot":"designated","osm_id":"1126372895"},"geometry":{"type":"LineString","coordinates":[[12.905384,43.908486],[12.905435,43.908374]]}},{"type":"Feature","id":"road-4682","properties":{"id":"road-4682","highway":"cycleway","surface":"asphalt","oneway":"no","osm_id":"1126372896"},"geometry":{"type":"LineString","coordinates":[[12.90532,43.909108],[12.90525,43.909032],[12.905133,43.908964]]}},{"type":"Feature","id":"road-4684","properties":{"id":"road-4684","highway":"cycleway","surface":"paved","segregated":"yes","lit":"yes","foot":"designated","osm_id":"1133256917"},"geometry":{"type":"LineString","coordinates":[[12.904277,43.891274],[12.904465,43.891358],[12.90462,43.891362],[12.904757,43.891342],[12.904847,43.891319],[12.904931,43.891272],[12.905115,43.891101]]}},{"type":"Feature","id":"road-4706","properties":{"id":"road-4706","highway":"tertiary","name":"Via Lubiana","cycleway:right":"lane","surface":"asphalt","oneway":"yes","lit":"yes","osm_id":"1160054596"},"geometry":{"type":"LineString","coordinates":[[12.90751,43.891844],[12.907653,43.891807]]}},{"type":"Feature","id":"road-4749","properties":{"id":"road-4749","highway":"cycleway","surface":"asphalt","segregated":"no","lit":"yes","foot":"designated","osm_id":"1193251806"},"geometry":{"type":"LineString","coordinates":[[12.874624,43.908142],[12.875003,43.908332],[12.875147,43.908344]]}},{"type":"Feature","id":"road-4752","properties":{"id":"road-4752","highway":"cycleway","surface":"asphalt","segregated":"no","lit":"yes","foot":"designated","osm_id":"1193251810"},"geometry":{"type":"LineString","coordinates":[[12.874902,43.908529],[12.874886,43.90847],[12.874851,43.908439],[12.874511,43.908255]]}},{"type":"Feature","id":"road-4754","properties":{"id":"road-4754","highway":"tertiary","name":"Via Nicolò Paganini","cycleway:right":"lane","surface":"asphalt","oneway":"yes","lit":"yes","osm_id":"1193255824"},"geometry":{"type":"LineString","coordinates":[[12.892495,43.902683],[12.892363,43.902535]]}},{"type":"Feature","id":"road-4755","properties":{"id":"road-4755","highway":"tertiary","name":"Via Nicolò Paganini","cycleway:right":"lane","surface":"asphalt","oneway":"yes","lit":"yes","osm_id":"1193255825"},"geometry":{"type":"LineString","coordinates":[[12.886886,43.900001],[12.886792,43.900002],[12.886408,43.899896],[12.886087,43.899776],[12.885839,43.899661],[12.885399,43.899419]]}},{"type":"Feature","id":"road-4756","properties":{"id":"road-4756","highway":"tertiary","name":"Via Nicolò Paganini","cycleway:right":"lane","surface":"asphalt","oneway":"yes","lit":"yes","osm_id":"1193255826"},"geometry":{"type":"LineString","coordinates":[[12.885457,43.899358],[12.885886,43.899605],[12.886145,43.89973],[12.886591,43.899899],[12.886823,43.899964],[12.886886,43.900001]]}},{"type":"Feature","id":"road-4804","properties":{"id":"road-4804","highway":"cycleway","surface":"asphalt","segregated":"yes","lit":"yes","foot":"designated","osm_id":"1222792425"},"geometry":{"type":"LineString","coordinates":[[12.918179,43.896588],[12.918113,43.896623],[12.914872,43.896118]]}},{"type":"Feature","id":"road-4805","properties":{"id":"road-4805","highway":"cycleway","cycleway":"crossing","surface":"asphalt","segregated":"yes","lit":"yes","foot":"designated","osm_id":"1222792426"},"geometry":{"type":"LineString","coordinates":[[12.914872,43.896118],[12.914664,43.896089]]}},{"type":"Feature","id":"road-4810","properties":{"id":"road-4810","highway":"cycleway","surface":"asphalt","segregated":"yes","lit":"yes","foot":"designated","osm_id":"1222792434"},"geometry":{"type":"LineString","coordinates":[[12.914664,43.896089],[12.914252,43.896045],[12.910889,43.895911],[12.910774,43.895913],[12.910685,43.895934],[12.910644,43.895965]]}},{"type":"Feature","id":"road-4889","properties":{"id":"road-4889","highway":"cycleway","surface":"paved","segregated":"no","foot":"designated","osm_id":"1301181219"},"geometry":{"type":"LineString","coordinates":[[12.859709,43.901743],[12.860717,43.901408],[12.861011,43.901563],[12.861128,43.901589],[12.861653,43.90161],[12.861904,43.901662],[12.86207,43.901723],[12.862334,43.901859],[12.862654,43.90197],[12.86281,43.901999],[12.863119,43.902004],[12.863613,43.902098],[12.863861,43.902098],[12.864025,43.902079],[12.864046,43.902055]]}},{"type":"Feature","id":"road-4893","properties":{"id":"road-4893","highway":"cycleway","surface":"asphalt","segregated":"no","lit":"yes","foot":"designated","osm_id":"1307351026"},"geometry":{"type":"LineString","coordinates":[[12.927608,43.889017],[12.927653,43.888863],[12.927632,43.888745],[12.927573,43.888628]]}},{"type":"Feature","id":"road-4894","properties":{"id":"road-4894","highway":"cycleway","surface":"asphalt","segregated":"no","lit":"yes","foot":"designated","osm_id":"1307351028"},"geometry":{"type":"LineString","coordinates":[[12.928449,43.888865],[12.928332,43.888938],[12.928217,43.888976],[12.927889,43.889012],[12.927708,43.889097]]}},{"type":"Feature","id":"road-4896","properties":{"id":"road-4896","highway":"cycleway","surface":"asphalt","segregated":"no","lit":"yes","foot":"designated","osm_id":"1307611910"},"geometry":{"type":"LineString","coordinates":[[12.908742,43.887414],[12.908815,43.887368],[12.908875,43.88729],[12.908892,43.887235],[12.908836,43.887119]]}},{"type":"Feature","id":"road-4897","properties":{"id":"road-4897","highway":"cycleway","surface":"asphalt","segregated":"no","lit":"yes","foot":"designated","osm_id":"1307611912"},"geometry":{"type":"LineString","coordinates":[[12.909543,43.887654],[12.909439,43.88759],[12.909135,43.887519],[12.908969,43.887506],[12.908798,43.887525]]}},{"type":"Feature","id":"road-4898","properties":{"id":"road-4898","highway":"cycleway","surface":"asphalt","segregated":"no","lit":"yes","foot":"designated","osm_id":"1307611915"},"geometry":{"type":"LineString","coordinates":[[12.910655,43.888489],[12.910513,43.888268],[12.9104,43.888169],[12.910232,43.888103],[12.909916,43.887929],[12.909543,43.887654]]}},{"type":"Feature","id":"road-4899","properties":{"id":"road-4899","highway":"cycleway","surface":"asphalt","segregated":"no","lit":"yes","foot":"designated","osm_id":"1307611919"},"geometry":{"type":"LineString","coordinates":[[12.913151,43.888894],[12.913163,43.888831],[12.913147,43.888776],[12.913079,43.888726],[12.91271,43.888665]]}},{"type":"Feature","id":"road-4900","properties":{"id":"road-4900","highway":"cycleway","surface":"asphalt","segregated":"no","lit":"yes","foot":"designated","osm_id":"1307611922"},"geometry":{"type":"LineString","coordinates":[[12.913877,43.888546],[12.91378,43.888586],[12.913688,43.888654],[12.913609,43.888751],[12.913411,43.888879],[12.91333,43.888953]]}},{"type":"Feature","id":"road-4902","properties":{"id":"road-4902","highway":"cycleway","surface":"asphalt","segregated":"no","lit":"yes","foot":"designated","osm_id":"1307611926"},"geometry":{"type":"LineString","coordinates":[[12.913877,43.888546],[12.914142,43.888539],[12.914361,43.888555],[12.914647,43.888626],[12.916121,43.889211],[12.916303,43.889265],[12.916506,43.889365]]}},{"type":"Feature","id":"road-4903","properties":{"id":"road-4903","highway":"cycleway","surface":"asphalt","segregated":"no","lit":"yes","foot":"designated","osm_id":"1307611931"},"geometry":{"type":"LineString","coordinates":[[12.919495,43.889355],[12.919449,43.889288],[12.91942,43.889201],[12.919351,43.889146],[12.919307,43.889085],[12.919057,43.88896]]}},{"type":"Feature","id":"road-4904","properties":{"id":"road-4904","highway":"cycleway","surface":"asphalt","segregated":"no","lit":"yes","foot":"designated","osm_id":"1307611937"},"geometry":{"type":"LineString","coordinates":[[12.920124,43.889095],[12.919978,43.889109],[12.919869,43.889138],[12.919746,43.889209],[12.919697,43.889263],[12.919677,43.889337]]}},{"type":"Feature","id":"road-4906","properties":{"id":"road-4906","highway":"cycleway","surface":"asphalt","segregated":"no","lit":"yes","foot":"designated","osm_id":"1307611942"},"geometry":{"type":"LineString","coordinates":[[12.91669,43.889352],[12.916775,43.889323],[12.917023,43.889303],[12.917273,43.889249],[12.917989,43.888998],[12.918216,43.888954],[12.918518,43.888929],[12.918937,43.888921],[12.919057,43.88896]]}},{"type":"Feature","id":"road-4907","properties":{"id":"road-4907","highway":"cycleway","surface":"asphalt","segregated":"no","lit":"yes","foot":"designated","osm_id":"1307611944"},"geometry":{"type":"LineString","coordinates":[[12.91271,43.888665],[12.912317,43.888658],[12.912024,43.888626],[12.911559,43.88853],[12.91113,43.888413],[12.911013,43.888417],[12.910937,43.888446]]}},{"type":"Feature","id":"road-4908","properties":{"id":"road-4908","highway":"cycleway","surface":"asphalt","segregated":"no","lit":"yes","foot":"designated","osm_id":"1307611945"},"geometry":{"type":"LineString","coordinates":[[12.927573,43.888628],[12.927397,43.888482],[12.927188,43.888351],[12.926954,43.888249],[12.92675,43.888185],[12.926501,43.888149],[12.926214,43.888148],[12.925876,43.888187],[12.925426,43.888334],[12.924206,43.888845],[12.923764,43.888976],[12.923224,43.889093],[12.922756,43.889156],[12.922353,43.889185],[12.921795,43.889189],[12.920829,43.889157],[12.920124,43.889095]]}},{"type":"Feature","id":"road-4922","properties":{"id":"road-4922","highway":"cycleway","cycleway":"crossing","surface":"asphalt","segregated":"yes","lit":"yes","foot":"designated","osm_id":"1308625150"},"geometry":{"type":"LineString","coordinates":[[12.867098,43.911426],[12.866973,43.911494]]}},{"type":"Feature","id":"road-4923","properties":{"id":"road-4923","highway":"cycleway","surface":"asphalt","segregated":"yes","lit":"yes","foot":"designated","osm_id":"1308625151"},"geometry":{"type":"LineString","coordinates":[[12.869017,43.910366],[12.867098,43.911426]]}},{"type":"Feature","id":"road-4927","properties":{"id":"road-4927","highway":"cycleway","surface":"asphalt","segregated":"no","lit":"yes","foot":"designated","osm_id":"1308625156"},"geometry":{"type":"LineString","coordinates":[[12.863899,43.913192],[12.863361,43.913483]]}},{"type":"Feature","id":"road-4929","properties":{"id":"road-4929","highway":"cycleway","surface":"asphalt","segregated":"yes","lit":"yes","foot":"designated","osm_id":"1308625158"},"geometry":{"type":"LineString","coordinates":[[12.866973,43.911494],[12.863899,43.913192]]}},{"type":"Feature","id":"road-4941","properties":{"id":"road-4941","highway":"cycleway","surface":"paved","lit":"yes","osm_id":"1308690874"},"geometry":{"type":"LineString","coordinates":[[12.889796,43.904854],[12.89028,43.904535],[12.890319,43.904493],[12.890317,43.904469],[12.89026,43.904423]]}},{"type":"Feature","id":"road-4942","properties":{"id":"road-4942","highway":"path","bicycle":"designated","surface":"paved","segregated":"no","lit":"yes","foot":"designated","osm_id":"1308690875"},"geometry":{"type":"LineString","coordinates":[[12.890054,43.904974],[12.890023,43.90506],[12.890032,43.905112],[12.890101,43.905172]]}},{"type":"Feature","id":"road-4958","properties":{"id":"road-4958","highway":"cycleway","surface":"asphalt","segregated":"no","foot":"designated","osm_id":"1312643839"},"geometry":{"type":"LineString","coordinates":[[12.928391,43.888814],[12.928524,43.888732],[12.928857,43.888584]]}},{"type":"Feature","id":"road-5018","properties":{"id":"road-5018","highway":"path","bicycle":"designated","surface":"asphalt","segregated":"no","lit":"yes","foot":"designated","osm_id":"1353391185"},"geometry":{"type":"LineString","coordinates":[[12.914248,43.902384],[12.914175,43.902413]]}},{"type":"Feature","id":"road-5019","properties":{"id":"road-5019","highway":"path","bicycle":"designated","surface":"asphalt","segregated":"no","lit":"yes","foot":"designated","osm_id":"1353391186"},"geometry":{"type":"LineString","coordinates":[[12.914175,43.902413],[12.914159,43.902419]]}},{"type":"Feature","id":"road-5020","properties":{"id":"road-5020","highway":"cycleway","bicycle":"designated","foot":"designated","osm_id":"1353411899"},"geometry":{"type":"LineString","coordinates":[[12.88615,43.891683],[12.886338,43.89188],[12.886329,43.891928],[12.886305,43.891946],[12.88593,43.892101],[12.885727,43.892259],[12.885336,43.892444],[12.884906,43.892684],[12.884697,43.892769]]}},{"type":"Feature","id":"road-5027","properties":{"id":"road-5027","highway":"cycleway","surface":"paved","lit":"yes","osm_id":"1354604419"},"geometry":{"type":"LineString","coordinates":[[12.894628,43.906333],[12.896072,43.907202],[12.896185,43.907314],[12.896267,43.907486],[12.896283,43.907802]]}},{"type":"Feature","id":"road-5028","properties":{"id":"road-5028","highway":"cycleway","surface":"paved","lit":"yes","osm_id":"1354604420"},"geometry":{"type":"LineString","coordinates":[[12.896283,43.907802],[12.896288,43.908]]}},{"type":"Feature","id":"road-5029","properties":{"id":"road-5029","highway":"cycleway","surface":"paved","lit":"yes","osm_id":"1354604421"},"geometry":{"type":"LineString","coordinates":[[12.896288,43.908],[12.896314,43.908131],[12.896643,43.908691],[12.896841,43.909109],[12.896973,43.909599],[12.897021,43.909917]]}},{"type":"Feature","id":"road-5044","properties":{"id":"road-5044","highway":"cycleway","bicycle":"designated","surface":"paved","width":"2","foot":"designated","osm_id":"1380442831"},"geometry":{"type":"LineString","coordinates":[[12.905851,43.906385],[12.905483,43.906329],[12.902451,43.906992],[12.902425,43.907093],[12.902403,43.907114],[12.902074,43.907137],[12.901702,43.90719],[12.901628,43.907223],[12.90145,43.907364],[12.901138,43.907432],[12.900995,43.907445],[12.900694,43.907412],[12.900549,43.907382],[12.900343,43.907308],[12.900185,43.907295],[12.899874,43.90735],[12.898853,43.90757],[12.898229,43.907769]]}},{"type":"Feature","id":"road-5045","properties":{"id":"road-5045","highway":"cycleway","name":"Ponte Ciclopedonale \"25 Aprile\"","bicycle":"designated","surface":"paved","oneway":"no","segregated":"yes","foot":"designated","osm_id":"1380442832"},"geometry":{"type":"LineString","coordinates":[[12.897998,43.907816],[12.897358,43.90795]]}},{"type":"Feature","id":"road-5046","properties":{"id":"road-5046","highway":"cycleway","bicycle":"designated","surface":"paved","oneway":"no","segregated":"yes","foot":"designated","osm_id":"1380442833"},"geometry":{"type":"LineString","coordinates":[[12.897358,43.90795],[12.897177,43.907985]]}},{"type":"Feature","id":"road-5047","properties":{"id":"road-5047","highway":"cycleway","bicycle":"designated","surface":"paved","oneway":"no","segregated":"yes","foot":"designated","osm_id":"1380442834"},"geometry":{"type":"LineString","coordinates":[[12.898229,43.907769],[12.897998,43.907816]]}},{"type":"Feature","id":"road-5048","properties":{"id":"road-5048","highway":"cycleway","bicycle":"designated","surface":"paved","segregated":"yes","foot":"designated","osm_id":"1380442835"},"geometry":{"type":"LineString","coordinates":[[12.897077,43.908006],[12.89704,43.90802],[12.897026,43.908062]]}},{"type":"Feature","id":"road-5049","properties":{"id":"road-5049","highway":"cycleway","bicycle":"designated","surface":"paved","access":"no","segregated":"no","lit":"yes","width":"2.5","foot":"designated","osm_id":"1380442836"},"geometry":{"type":"LineString","coordinates":[[12.896918,43.90782],[12.897026,43.908062]]}},{"type":"Feature","id":"road-5050","properties":{"id":"road-5050","highway":"cycleway","bicycle":"designated","surface":"paved","oneway":"no","segregated":"yes","foot":"designated","osm_id":"1380444568"},"geometry":{"type":"LineString","coordinates":[[12.897177,43.907985],[12.897077,43.908006]]}},{"type":"Feature","id":"road-5077","properties":{"id":"road-5077","highway":"cycleway","bicycle":"designated","surface":"asphalt","foot":"designated","osm_id":"1396811588"},"geometry":{"type":"LineString","coordinates":[[12.901583,43.907297],[12.901575,43.907262]]}},{"type":"Feature","id":"road-5130","properties":{"id":"road-5130","highway":"cycleway","bicycle":"designated","segregated":"no","foot":"designated","osm_id":"1420218760"},"geometry":{"type":"LineString","coordinates":[[12.907018,43.913719],[12.906909,43.913986]]}},{"type":"Feature","id":"road-5131","properties":{"id":"road-5131","highway":"cycleway","bicycle":"designated","segregated":"no","foot":"designated","osm_id":"1420218772"},"geometry":{"type":"LineString","coordinates":[[12.906932,43.91399],[12.906878,43.914153]]}},{"type":"Feature","id":"road-5132","properties":{"id":"road-5132","highway":"cycleway","bicycle":"designated","segregated":"no","foot":"designated","osm_id":"1420218787"},"geometry":{"type":"LineString","coordinates":[[12.906788,43.913716],[12.906694,43.913947]]}},{"type":"Feature","id":"road-5159","properties":{"id":"road-5159","highway":"track","bicycle":"yes","surface":"ground","smoothness":"very_bad","width":"3","tracktype":"grade5","foot":"yes","osm_id":"1429607695"},"geometry":{"type":"LineString","coordinates":[[12.890189,43.888357],[12.890034,43.888273],[12.889967,43.888197],[12.889936,43.888121]]}},{"type":"Feature","id":"road-5161","properties":{"id":"road-5161","highway":"track","bicycle":"yes","surface":"ground","smoothness":"horrible","width":"3","foot":"yes","osm_id":"1429607697"},"geometry":{"type":"LineString","coordinates":[[12.890189,43.888357],[12.890356,43.888397],[12.890623,43.888374],[12.890873,43.888328],[12.891251,43.888328],[12.891429,43.888279],[12.891736,43.888124]]}},{"type":"Feature","id":"road-5172","properties":{"id":"road-5172","highway":"cycleway","surface":"asphalt","oneway":"yes","lit":"yes","osm_id":"1435619549"},"geometry":{"type":"LineString","coordinates":[[12.91196,43.91376],[12.91207,43.913778],[12.912612,43.91423],[12.912618,43.914308]]}},{"type":"Feature","id":"road-5173","properties":{"id":"road-5173","highway":"cycleway","surface":"asphalt","oneway":"yes","lit":"yes","osm_id":"1435619550"},"geometry":{"type":"LineString","coordinates":[[12.912618,43.914308],[12.912529,43.914291],[12.911979,43.913832],[12.91196,43.91376]]}}]}